Index,X,Y,Z
0,1952,-328,88
1,1968,-63,29
2,1972,-53,92
3,1919,-222,64
4,1955,-145,78
5,2034,-92,103
6,1901,-170,72
7,1919,-325,100
8,1927,-148,8
9,1903,-132,40
10,1884,-351,63
11,1902,-244,57
12,1887,-102,21
13,2024,-362,79
14,2091,-126,68
15,2000,-156,16
16,2035,-238,57
17,2120,-211,27
18,2064,-209,25
19,2091,-143,-45
20,2155,-251,0
21,2163,-112,-1
22,2115,-102,-37
23,2158,-201,-8
24,2234,-123,60
25,2136,-94,-96
26,2107,-103,-7
27,2134,-156,-69
28,2155,-52,-35
29,2103,-93,-27
30,2040,-231,5
31,2092,-45,0
32,2076,-47,58
33,1995,-107,50
34,2037,-176,85
35,1964,-36,37
36,1962,-109,60
37,1933,-203,60
38,1957,-131,66
39,1930,-121,71
40,1875,-234,73
41,1906,-270,83
42,1961,-136,45
43,1929,-209,107
44,1868,-233,59
45,1936,-146,47
46,1993,-269,30
47,1951,-227,47
48,2000,-270,15
49,2043,-214,37
50,2069,-112,52
51,2099,-286,45
52,2099,-158,12
53,2147,-131,39
54,2089,-275,-1
55,2162,-176,11
56,2106,-60,-86
57,2191,-122,1
58,2138,-209,-50
59,2141,-136,-47
60,2120,-104,-12
61,2140,-71,1
62,2179,-167,12
63,2060,-77,-90
64,2187,-130,38
65,2093,-92,-56
66,2029,-79,10
67,1993,-149,6
68,2058,-218,97
69,1926,-49,39
70,1945,-111,89
71,1972,-156,103
72,1997,-121,120
73,1849,-70,20
74,1919,-329,93
75,1982,-175,80
76,1832,-123,-32
77,1904,-286,125
78,1872,-271,45
79,1996,-216,115
80,1944,-154,8
81,2063,-376,120
82,1963,-154,-16
83,2132,-65,69
84,1998,-359,8
85,2094,-254,66
86,2066,-65,-39
87,2130,-271,41
88,2064,-175,-14
89,2118,-172,-9
90,2158,0,-21
91,2161,-242,32
92,2133,-269,-44
93,2134,-3,-73
94,2156,-79,-11
95,2110,-164,-67
96,2165,-154,-11
97,2101,-73,-62
98,2162,-208,73
99,2033,-76,-69
100,2113,-62,43
101,2037,-130,39
102,2058,-123,96
103,1920,-80,-8
104,1963,-106,92
105,1958,-212,76
106,1894,-138,63
107,1875,-79,55
108,1934,-257,94
109,1992,-160,110
110,1859,-162,57
111,1861,-232,69
112,1906,-190,13
113,2018,-224,78
114,1898,-237,-23
115,2048,-391,104
116,1997,-55,61
117,2053,-284,67
118,2053,-228,36
119,2118,-191,44
120,2066,-137,28
121,2115,-187,6
122,2070,-323,-17
123,2149,23,8
124,2119,-145,-56
125,2099,-299,-25
126,2162,-19,-40
127,2164,-78,-10
128,2143,-171,-20
129,2140,-137,-37
130,2188,-70,-17
131,2136,-85,-63
132,2142,-235,11
133,2040,-37,-57
134,2134,-94,73
135,2025,-158,30
136,2029,-163,115
137,1959,-19,21
138,2026,-121,150
139,1914,-195,81
140,1915,-13,43
141,1919,-170,65
142,1931,-198,91
143,1889,-241,29
144,1822,-167,3
145,1929,-184,105
146,1938,-286,51
147,1998,-199,81
148,1967,-133,31
149,1998,-373,114
150,2006,-204,-11
151,2048,-117,51
152,2005,-322,12
153,2127,-254,64
154,2041,-121,-11
155,2063,-199,85
156,2107,-274,20
157,2152,-53,9
158,2065,-110,-65
159,2143,-206,-4
160,2133,-128,-72
161,2111,-58,-43
162,2154,-175,-72
163,2153,-183,-55
164,2172,7,-15
165,2110,-109,-63
166,2142,-335,69
167,2155,63,-52
168,2081,-92,34
169,2026,-216,27
170,2082,-24,86
171,1973,-127,40
172,1945,-181,150
173,1872,-196,21
174,1970,9,134
175,1938,-124,45
176,1922,-308,129
177,1892,-70,40
178,1893,-177,69
179,1904,-306,57
180,1889,-170,-34
181,1993,-242,54
182,1964,-287,49
183,1943,-312,71
184,2073,-178,27
185,2112,-193,90
186,2076,-260,55
187,2033,-191,46
188,2069,-201,3
189,2065,-162,61
190,2099,-226,-2
191,2044,-154,-71
192,2135,-73,-6
193,2136,-194,3
194,2139,-133,-24
195,2114,-107,-35
196,2173,-120,-31
197,2177,-129,-65
198,2140,-133,-100
199,2134,-72,-58
200,2158,-195,31
201,2136,-134,-26
202,2057,-56,48
203,2067,-114,55
204,2048,-126,126
205,1997,-101,48
206,1911,-135,108
207,1955,-134,73
208,1964,-20,78
209,1858,-226,35
210,1899,-209,114
211,1893,-131,31
212,1856,-250,78
213,1886,-157,0
214,1971,-263,66
215,1948,-135,21
216,1992,-207,73
217,2008,-424,59
218,2048,-75,25
219,2014,-312,67
220,2048,-236,36
221,2097,-191,57
222,2093,-163,34
223,2022,-165,85
224,2113,-222,2
225,2081,-66,-9
226,2154,-197,-13
227,2078,-123,-25
228,2082,-160,-98
229,2158,-100,-52
230,2188,-106,-63
231,2141,-218,-12
232,2153,8,-103
233,2211,-144,62
234,2136,-246,8
235,2151,-37,-46
236,2082,-86,2
237,2107,-103,86
238,2029,-162,46
239,1976,-100,64
240,1932,-159,160
241,1939,-65,61
242,1898,-19,87
243,1941,-252,90
244,1883,-140,69
245,1885,-134,15
246,1880,-168,32
247,1892,-308,19
248,1988,-203,39
249,1873,-168,0
250,2001,-405,152
251,2000,-153,-19
252,2097,-188,97
253,2012,-272,70
254,2118,-214,22
255,2050,-199,60
256,1992,-204,36
257,2075,-245,64
258,2067,-163,-27
259,2096,-27,3
260,2078,-210,-41
261,2124,-198,18
262,2152,-21,-41
263,2133,-193,-47
264,2122,-122,-72
265,2238,-110,-97
266,2147,-8,-83
267,2151,-277,9
268,2106,-185,-43
269,2194,-29,16
270,2085,-120,50
271,2104,-121,74
272,2026,-112,71
273,1966,-78,83
274,1969,-166,129
275,1870,-141,0
276,1938,-13,82
277,1913,-212,87
278,1879,-175,100
279,1868,-140,26
280,1917,-208,80
281,1986,-215,35
282,1878,-231,-5
283,1917,-151,31
284,2076,-333,60
285,1946,-289,43
286,2034,-249,74
287,2047,-177,57
288,2103,-233,93
289,2044,-207,59
290,2028,-212,79
291,2096,-223,61
292,2047,-73,-14
293,2127,-201,3
294,2046,-177,-44
295,2117,-125,-15
296,2100,-118,-81
297,2148,-170,-47
298,2185,-71,-70
299,2206,-134,-54
300,2165,-68,-40
301,2165,-267,-2
302,2190,-88,-29
303,2171,-24,-13
304,2039,-199,8
305,2100,-92,72
306,2052,-103,78
307,1940,-116,132
308,1906,-143,75
309,1950,-76,80
310,1944,-39,98
311,1896,-177,86
312,1872,-195,46
313,1887,-84,11
314,1892,-265,19
315,1902,-316,0
316,1933,-107,2
317,1958,-185,105
318,2047,-362,68
319,2016,-174,53
320,1991,-216,59
321,2103,-292,81
322,2093,-157,51
323,1952,-316,22
324,2075,-123,82
325,2082,-227,52
326,2015,-148,34
327,2092,-90,4
328,2089,-159,10
329,2110,-193,-6
330,2073,-134,-135
331,2159,-91,-50
332,2189,-170,-114
333,2198,-78,-84
334,2148,-120,-63
335,2184,-174,29
336,2181,-69,-39
337,2174,-141,56
338,2094,-118,-9
339,2125,-109,82
340,2026,-83,51
341,1954,-67,91
342,1932,-234,100
343,1948,2,69
344,1874,-151,95
345,1842,-199,79
346,1921,-22,40
347,1959,-224,79
348,1883,-175,27
349,1933,-237,-1
350,1971,-96,48
351,1950,-312,33
352,1939,-358,19
353,1978,-221,49
354,2087,-199,82
355,2068,-262,69
356,2076,-215,86
357,2042,-157,70
358,2058,-222,101
359,1989,-242,25
360,2053,-135,-36
361,2099,-124,-2
362,2042,-203,-20
363,2063,-114,-28
364,2114,-142,-95
365,2206,-157,-9
366,2179,-129,-75
367,2140,-117,-100
368,2217,-52,-50
369,2235,-213,4
370,2144,-131,-29
371,2155,-94,-16
372,2117,-173,62
373,2125,-97,76
374,1960,-55,63
375,1954,-126,132
376,1977,-154,102
377,1928,-92,71
378,1897,-67,73
379,1897,-109,41
380,1909,-208,82
381,1851,-176,-9
382,1917,-226,42
383,1944,-229,45
384,1951,-124,14
385,1970,-261,49
386,2022,-345,71
387,2002,-140,79
388,2050,-257,37
389,1998,-273,80
390,2064,-227,46
391,2002,-157,60
392,2041,-245,57
393,2006,-245,31
394,2094,-72,42
395,2053,-154,21
396,2049,-231,-19
397,2137,-94,-26
398,2095,-66,-124
399,2155,-291,-57
400,2180,-140,-139
401,2213,21,-61
402,2200,-135,10
403,2169,-269,-1
404,2183,-48,12
405,2182,-104,13
406,2121,-193,17
407,2086,-60,58
408,1993,-7,29
409,2016,-222,149
410,1916,-180,92
411,1862,26,51
412,1890,-118,111
413,1926,-165,90
414,1890,-133,18
415,1891,-98,21
416,1962,-283,35
417,1953,-127,-24
418,1903,-232,0
419,1951,-337,59
420,2021,-205,96
421,1976,-196,73
422,2082,-310,76
423,2075,-177,70
424,2029,-268,71
425,1968,-125,32
426,2072,-250,125
427,2028,-221,33
428,1994,-102,-10
429,2041,-239,27
430,2041,-54,-68
431,2164,-171,-15
432,2105,-146,-80
433,2200,-197,-35
434,2160,-153,-111
435,2261,38,-30
436,2151,-196,-101
437,2218,-175,-12
438,2196,-97,-9
439,2160,-144,23
440,2092,-97,25
441,2095,-149,87
442,2033,110,87
443,1979,-297,143
444,1900,-128,64
445,1949,36,69
446,1853,-174,52
447,1865,-139,45
448,1941,-164,69
449,1857,-133,3
450,1960,-307,102
451,1924,-170,-23
452,2004,-138,44
453,1913,-275,40
454,2068,-242,103
455,1990,-191,15
456,2026,-316,80
457,2022,-308,67
458,2036,-107,83
459,1996,-166,67
460,2069,-244,114
461,2030,-181,22
462,1954,-244,47
463,2069,-122,-32
464,2103,-133,-28
465,2113,-146,-55
466,2077,-113,-129
467,2250,-264,-7
468,2116,-84,-134
469,2211,-102,-12
470,2216,-172,-40
471,2226,-171,0
472,2171,-94,-33
473,2182,-99,24
474,2088,-122,0
475,2112,-63,84
476,1991,-121,40
477,1959,-179,124
478,1921,-70,70
479,1920,-19,91
480,1909,-143,105
481,1892,-138,57
482,1920,-92,39
483,1902,-146,0
484,1916,-297,28
485,1925,-236,-47
486,2004,-162,79
487,1899,-316,45
488,2045,-210,129
489,2026,-225,49
490,2051,-285,140
491,2004,-181,63
492,2047,-184,17
493,1954,-184,65
494,2059,-304,71
495,1997,-201,46
496,1975,-103,28
497,2023,-159,-15
498,2113,-151,-12
499,2162,-164,-18
500,2110,-111,-107
501,2186,-243,-45
502,2189,-76,-97
503,2256,-110,-75
504,2173,-151,-74
505,2197,-168,2
506,2148,-130,-24
507,2205,-84,55
508,2092,-218,30
509,2076,33,67
510,2011,-96,58
511,1982,-167,107
512,1955,-25,76
513,1855,-93,72
514,1861,-186,71
515,1885,-95,31
516,1928,-118,41
517,1877,-180,2
518,2005,-282,101
519,1974,-125,-11
520,1935,-171,55
521,1984,-317,30
522,1990,-232,58
523,2028,-282,54
524,1987,-273,96
525,1999,-256,90
526,2091,-123,110
527,2023,-151,73
528,1986,-309,76
529,1994,-111,29
530,1992,-124,7
531,2055,-212,-26
532,2052,-145,-56
533,2184,-200,-56
534,2116,13,-85
535,2188,-329,-15
536,2164,-145,-103
537,2287,9,-29
538,2164,-223,-33
539,2201,-144,-13
540,2217,-124,-48
541,2132,-29,17
542,2105,-236,45
543,2028,-80,22
544,2046,5,83
545,1933,-184,142
546,1926,-88,85
547,1898,-22,52
548,1941,-126,97
549,1891,-189,19
550,1924,-43,9
551,1875,-159,-9
552,1992,-385,116
553,1928,-66,-27
554,1949,-229,79
555,1979,-265,59
556,2075,-222,74
557,2002,-261,89
558,1944,-330,95
559,2134,-150,134
560,1909,-155,-25
561,2006,-299,95
562,1995,-218,34
563,2020,-125,67
564,1985,-105,18
565,2065,-231,6
566,2100,-178,-22
567,2155,-70,-93
568,2100,-165,-82
569,2153,-277,-64
570,2266,-55,-120
571,2216,-138,-31
572,2168,-202,-52
573,2236,-73,23
574,2209,-82,17
575,2117,-163,73
576,2079,-201,-22
577,2096,42,67
578,2043,-54,44
579,1929,-224,101
580,1925,-66,55
581,1903,-89,97
582,1879,-136,68
583,1895,-77,41
584,1909,-153,-10
585,1987,-142,87
586,1951,-260,22
587,1941,-178,1
588,1981,-183,54
589,2003,-313,32
590,2007,-259,99
591,1953,-233,46
592,1987,-213,158
593,2045,-283,71
594,1988,-210,46
595,2013,-186,81
596,1989,-189,55
597,2016,-178,68
598,1952,-171,-21
599,2044,-155,-3
600,2148,-190,-66
601,2047,-91,-85
602,2174,-189,-68
603,2201,-188,-24
604,2214,-148,-57
605,2207,-101,-27
606,2245,-143,-81
607,2239,-166,6
608,2139,-93,-70
609,2122,-144,70
610,2091,-193,27
611,2121,39,78
612,1949,-86,72
613,1974,-166,114
614,1931,-36,59
615,1925,-96,86
616,1890,-88,6
617,1900,-218,-2
618,1971,-19,62
619,1943,-174,24
620,1903,-318,88
621,1968,-148,13
622,2019,-189,106
623,1974,-295,25
624,1988,-184,67
625,1997,-243,65
626,2033,-201,130
627,1924,-343,17
628,2024,-236,75
629,1996,-60,88
630,1991,-314,63
631,1968,-145,42
632,2037,-77,-6
633,2037,-253,28
634,2079,-223,-93
635,2134,-47,-70
636,2169,-118,-67
637,2197,-298,-43
638,2191,-52,-85
639,2219,-103,-22
640,2232,-204,-23
641,2207,-153,-8
642,2143,-87,10
643,2158,-101,26
644,2122,-169,44
645,2063,13,4
646,1997,-119,54
647,1952,-218,102
648,1941,-8,40
649,1885,-64,66
650,1886,-144,59
651,1998,-106,47
652,1943,-87,41
653,1892,-241,33
654,1972,-197,28
655,1972,-156,8
656,1967,-304,58
657,1953,-213,20
658,1991,-236,154
659,1998,-191,74
660,2008,-277,140
661,1960,-307,50
662,2026,-92,81
663,2018,-221,93
664,1932,-249,10
665,2015,-144,50
666,1986,-201,-25
667,2020,-212,4
668,2100,-130,-82
669,2166,-142,-26
670,2195,-143,-49
671,2140,-211,-47
672,2252,-91,-48
673,2219,-132,-56
674,2236,-182,-61
675,2163,-157,-17
676,2154,-68,-45
677,2155,-90,85
678,2076,-189,19
679,2089,-70,80
680,1996,-82,46
681,1953,-91,89
682,1941,-102,60
683,1938,-51,47
684,1894,-168,39
685,1937,-133,30
686,1916,-98,-5
687,1906,-189,68
688,1991,-241,111
689,1989,-163,0
690,1995,-219,103
691,2009,-254,40
692,1977,-201,87
693,1908,-226,-15
694,1960,-388,144
695,2052,-183,68
696,1990,-106,91
697,1985,-258,93
698,1963,-206,64
699,2016,-187,38
700,1959,-116,-49
701,2089,-288,28
702,2097,-145,-104
703,2138,-22,-50
704,2134,-283,-60
705,2174,-231,-49
706,2235,-13,-62
707,2277,-175,21
708,2186,-188,-67
709,2188,-160,-24
710,2196,77,9
711,2119,-266,21
712,2071,-179,-4
713,2095,52,20
714,1985,-158,66
715,1953,-76,110
716,1956,-6,46
717,1924,-140,77
718,1958,-262,78
719,1873,13,-39
720,1952,-69,64
721,1984,-249,51
722,1957,-223,47
723,1975,-148,40
724,1950,-290,78
725,1986,-263,67
726,1930,-153,78
727,1991,-244,83
728,2036,-241,148
729,1990,-194,28
730,1932,-190,83
731,1981,-252,42
732,2004,-313,56
733,1984,-37,2
734,1960,-233,-20
735,2152,-198,20
736,2119,-60,-50
737,2099,-263,-26
738,2132,-144,-70
739,2234,-119,-38
740,2227,-100,-65
741,2198,-270,-57
742,2189,-161,-34
743,2183,-53,-4
744,2180,-49,30
745,2119,-227,30
746,2103,-101,33
747,2063,4,59
748,1983,-152,50
749,1983,-95,53
750,1990,-60,22
751,1924,-169,68
752,1891,-124,19
753,1917,-77,37
754,1949,-82,67
755,1992,-241,81
756,1988,-209,52
757,1951,-132,-1
758,2012,-264,86
759,1947,-247,45
760,1932,-200,59
761,1934,-247,82
762,1995,-274,129
763,1961,-210,72
764,1986,-222,101
765,1977,-153,48
766,2026,-225,73
767,1996,-198,0
768,2002,-99,-8
769,2076,-269,12
770,2075,-229,-104
771,2140,-82,-28
772,2161,-138,-62
773,2217,-220,-11
774,2219,-147,-67
775,2187,-85,-2
776,2230,-224,-18
777,2165,-15,-38
778,2163,-125,-38
779,2107,-188,35
780,2109,-120,5
781,2025,-61,64
782,1981,-52,67
783,2028,-163,90
784,1967,-24,30
785,1923,-104,50
786,1933,-274,40
787,1981,36,1
788,1939,-134,47
789,1936,-300,61
790,1998,-100,44
791,2005,-163,70
792,1926,-282,99
793,1957,-278,41
794,1986,-67,81
795,1947,-311,55
796,1979,-309,138
797,1957,-150,-1
798,1942,-224,121
799,1996,-260,63
800,1957,-164,28
801,2023,-121,32
802,2065,-240,24
803,2032,-293,-24
804,2130,-79,-65
805,2116,-147,-31
806,2164,-211,-47
807,2191,-98,-67
808,2267,-229,-54
809,2134,-125,-36
810,2215,-130,-10
811,2152,0,-35
812,2218,-193,27
813,2106,-159,44
814,2070,-106,13
815,2024,-92,-1
816,2017,-80,9
817,2053,-101,58
818,1935,-35,-12
819,1938,-240,83
820,1920,-44,71
821,1969,-134,65
822,1945,-189,63
823,2006,-74,53
824,1968,-208,70
825,1969,-181,26
826,1925,-329,50
827,2004,-201,97
828,1919,-108,54
829,1904,-379,97
830,1971,-173,109
831,1997,-154,127
832,1952,-291,58
833,1943,-176,25
834,2058,-199,41
835,2000,-155,-13
836,2014,-287,11
837,2075,-145,-18
838,2105,-165,-31
839,2128,-182,-14
840,2175,-146,-56
841,2194,-200,-34
842,2245,-98,-59
843,2150,-203,3
844,2222,-120,-20
845,2164,-59,-61
846,2170,-171,-3
847,2104,-115,24
848,2098,-70,28
849,2023,-52,38
850,2048,-145,67
851,1989,-136,28
852,1970,34,14
853,2024,-179,107
854,1876,-171,-19
855,1972,-69,47
856,1930,-113,26
857,2036,-237,115
858,1898,-123,5
859,1983,-155,99
860,2010,-301,119
861,1972,-134,51
862,1863,-237,18
863,1961,-242,77
864,1983,-256,118
865,1894,-205,26
866,1989,-232,109
867,1973,-233,58
868,2028,-172,45
869,1976,-67,-49
870,2048,-398,70
871,2115,-153,-12
872,2100,-45,-64
873,2097,-280,0
874,2189,-172,-65
875,2262,-110,-30
876,2117,-167,-66
877,2141,-231,-21
878,2223,-75,-19
879,2205,45,-23
880,2139,-289,50
881,2122,-173,5
882,2093,83,-12
883,2048,-191,26
884,2040,-178,1
885,2046,-2,25
886,1957,57,43
887,1958,-338,100
888,1956,-103,28
889,1983,-25,58
890,1932,-189,66
891,2032,-117,63
892,1945,-194,30
893,1955,-253,75
894,1956,-246,68
895,1893,-184,61
896,1913,-148,79
897,1945,-272,96
898,2017,-231,127
899,1890,-170,7
900,1982,-310,146
901,1967,-133,-30
902,2000,-211,13
903,1996,-241,-2
904,2105,-224,48
905,2056,-150,-20
906,2082,-184,18
907,2175,-183,-13
908,2207,-142,-15
909,2198,-184,-33
910,2147,-122,-63
911,2204,-169,-7
912,2189,-145,-50
913,2160,-64,-28
914,2099,-193,14
915,2144,-35,18
916,2080,-122,-1
917,2048,-133,44
918,2048,-53,-39
919,2060,-106,60
920,1985,-8,-11
921,1964,-257,61
922,1924,-118,18
923,2009,-35,96
924,1928,-154,54
925,1967,-164,107
926,2018,-190,47
927,1950,-127,86
928,1925,-311,74
929,1962,-161,44
930,1924,-132,62
931,1903,-361,84
932,1935,-218,95
933,1922,-208,71
934,1961,-178,92
935,1981,-320,12
936,2034,-130,28
937,2042,-76,-11
938,2071,-361,84
939,2027,-148,-43
940,2103,-165,-15
941,2180,-200,-18
942,2167,-214,-45
943,2163,-131,-71
944,2218,-51,10
945,2188,-263,26
946,2137,-146,-58
947,2177,-44,-16
948,2166,-91,2
949,2105,-170,-20
950,2065,-86,-33
951,2078,-74,13
952,2041,-177,14
953,2026,49,17
954,1987,-114,65
955,1989,-246,81
956,1994,13,33
957,1958,-169,90
958,1958,-146,12
959,2044,-141,82
960,1930,-209,35
961,1940,-189,112
962,1893,-281,48
963,1949,-92,100
964,1942,-209,81
965,1938,-346,84
966,1921,-113,58
967,1979,-196,70
968,1952,-305,58
969,1944,-252,-25
970,2051,-43,69
971,2016,-268,26
972,2040,-335,52
973,2071,-92,-28
974,2139,-189,13
975,2161,-190,-29
976,2171,-148,-12
977,2156,-132,-31
978,2190,-142,-14
979,2110,-291,-55
980,2193,-68,-52
981,2175,4,-45
982,2095,-218,34
983,2096,-75,-6
984,2094,-141,-9
985,2102,-94,24
986,2060,-61,-23
987,2044,-120,-1
988,2033,-58,22
989,2002,-237,83
990,1928,-45,62
991,1977,-94,75
992,1976,-151,83
993,2016,-174,82
994,1915,-100,49
995,1933,-190,85
996,1942,-274,89
997,1959,-160,41
998,1839,-267,26
999,1951,-207,104
1000,1928,-209,92
1001,1962,-204,102
1002,1941,-273,10
1003,2007,-248,50
1004,2083,-189,37
1005,2006,-135,-33
1006,2045,-281,84
1007,2052,-185,-30
1008,2162,-112,32
1009,2123,-242,-36
1010,2139,-185,2
1011,2161,-110,-39
1012,2180,-135,3
1013,2131,-241,-51
1014,2192,-68,-3
1015,2153,-40,-37
1016,2108,-225,-37
1017,2110,-84,-4
1018,2125,-64,-30
1019,2077,-125,22
1020,2022,-163,-19
1021,2104,-11,39
1022,2056,-78,48
1023,1983,-239,99
