Time,Device name,Chip Time(),Temperature(℃),Acceleration X(g),Acceleration Y(g),Acceleration Z(g),X acceleration amplitude(g),Y acceleration amplitude(g),Z acceleration amplitude(g),X velocity amplitude(mm/s),Y velocity amplitude(mm/s),Z velocity amplitude(mm/s),X displacement amplitude(um),Y displacement amplitude(um),Z displacement amplitude(um),X frequency vibration frequency(Hz),Y frequency vibration frequency(Hz),Z frequency vibration frequency(Hz),(g),(g),(g),(g),(g),(),(g),(),(g),(mm/s),(g),(mm),(g),(g),(g),(g),(g),(),(g),(),(g),(mm/s),(g),(mm),(g),(g),(g),(g),(g),(),(g),(),(g),(mm/s),(g),(mm),(),(),(),(),(),(),(),(),(),(),(),(),(),(),(),(),(),(),(),(),(),(),(),(),(),(),(),(),(),(),(),(),(),(),(),(),(),(),(),(),(),(),(),(),(),(),(),()
 15:11:40.927,e36fca7b-ac85-42ee-9e80-64b80ac1a132, 2000-00-00 00:00:15.690, 39.19, 0.7822, 0.6196, 0.0376, 0.4126, 0.3628, 0.1748, 0.82, 0.68, 0.32, 0, 0, 0, 319.0, 112.9, 23.7, 1.483, 3.434, 0.782, 0.013, 0.791, 0.147, 1.174, 0.539, 0.034, 0.562, 1.717, 0.000, 1.481, 3.408, 0.619, 0.009, 0.627, 0.154, 0.930, 0.602, 0.150, 1.321, 1.704, 0.001, 4.048, 3.263, 0.037, 0.002, 0.049, 1.224, 0.198, 4.872, -0.025, 3.131, 1.631, 0.020, 0.000, 0.000, 0.000, 2, 1, 8, 3, 5, 2, 14, 11, 32, 166, 202, 380, 263, 748, 6559, 1, 1, 11, 4, 6, 2, 13, 10, 36, 207, 263, 425, 298, 612, 4924, 0, 0, 14, 3, 2, 1, 0, 0, 5, 216, 240, 40, 30, 24, 1125,
 15:11:41.174,e36fca7b-ac85-42ee-9e80-64b80ac1a132, 2000-00-00 00:00:15.940, 39.20, 0.7822, 0.6196, 0.0376, 0.3965, 0.3403, 0.1709, 0.95, 0.79, 0.38, 0, 0, 0, 149.6, 149.6, 23.7, 1.467, 3.023, 0.782, 0.014, 0.791, 0.151, 1.162, 0.535, 0.043, 0.578, 1.511, 0.000, 1.474, 3.272, 0.619, 0.009, 0.628, 0.158, 0.926, 0.620, 0.096, 1.356, 1.636, 0.001, 4.176, 3.341, 0.037, 0.002, 0.048, 1.225, 0.200, 4.976, -0.056, 3.073, 1.670, 0.020, 0.000, 0.000, 0.000, 0, 1, 9, 1, 4, 4, 9, 5, 57, 207, 315, 349, 301, 748, 7390, 0, 0, 11, 5, 3, 3, 8, 4, 54, 247, 320, 331, 255, 640, 5588, 0, 0, 18, 3, 1, 0, 0, 1, 8, 334, 364, 46, 31, 41, 1228,
 15:11:41.419,e36fca7b-ac85-42ee-9e80-64b80ac1a132, 2000-00-00 00:00:16.185, 39.20, 0.7822, 0.6196, 0.0376, 0.4238, 0.3755, 0.1694, 1.60, 1.34, 0.62, 1, 1, 0, 149.6, 149.6, 23.7, 1.470, 3.180, 0.782, 0.014, 0.791, 0.154, 1.164, 0.612, 0.103, 1.258, 1.590, 0.001, 1.519, 3.247, 0.619, 0.010, 0.628, 0.163, 0.955, 0.635, 0.009, 1.056, 1.623, 0.001, 3.738, 3.353, 0.037, 0.002, 0.047, 1.233, 0.176, 4.768, 0.038, 3.024, 1.676, 0.020, 0.000, 0.000, 0.000, 0, 1, 9, 1, 4, 4, 9, 5, 57, 207, 315, 349, 301, 748, 7390, 0, 0, 11, 5, 3, 3, 8, 4, 54, 247, 320, 331, 255, 640, 5588, 0, 0, 18, 3, 1, 0, 0, 1, 8, 334, 364, 46, 31, 41, 1228,
 15:11:41.664,e36fca7b-ac85-42ee-9e80-64b80ac1a132, 2000-00-00 00:00:16.430, 39.19, 0.7822, 0.6196, 0.0376, 0.4082, 0.3486, 0.1855, 1.70, 1.43, 0.66, 1, 1, 0, 149.6, 149.6, 23.7, 1.530, 3.198, 0.782, 0.014, 0.791, 0.153, 1.211, 0.570, 0.008, 1.256, 1.599, 0.001, 1.537, 3.378, 0.619, 0.010, 0.628, 0.162, 0.965, 0.630, 0.003, 1.052, 1.689, 0.001, 4.701, 4.091, 0.037, 0.002, 0.048, 1.244, 0.227, 5.808, -0.021, 3.081, 2.045, 0.020, 0.000, 0.000, 0.000, 0, 1, 9, 1, 4, 4, 9, 5, 57, 207, 315, 349, 301, 748, 7390, 0, 0, 11, 5, 3, 3, 8, 4, 54, 247, 320, 331, 255, 640, 5588, 0, 0, 18, 3, 1, 0, 0, 1, 8, 334, 364, 46, 31, 41, 1228,
 15:11:41.907,e36fca7b-ac85-42ee-9e80-64b80ac1a132, 2000-00-00 00:00:16.675, 39.18, 0.7822, 0.6196, 0.0376, 0.4077, 0.3765, 0.1777, 1.74, 1.46, 0.67, 1, 1, 0, 149.6, 149.6, 23.7, 1.498, 3.248, 0.782, 0.013, 0.790, 0.146, 1.184, 0.533, 0.011, 1.197, 1.624, 0.001, 1.517, 3.637, 0.619, 0.009, 0.627, 0.155, 0.952, 0.681, 0.096, 1.005, 1.818, 0.001, 3.825, 3.327, 0.037, 0.002, 0.047, 1.222, 0.181, 4.876, 0.031, 3.021, 1.663, 0.020, 0.000, 0.000, 0.000, 0, 1, 9, 1, 4, 4, 9, 5, 57, 207, 315, 349, 301, 748, 7390, 0, 0, 11, 5, 3, 3, 8, 4, 54, 247, 320, 331, 255, 640, 5588, 0, 0, 18, 3, 1, 0, 0, 1, 8, 334, 364, 46, 31, 41, 1228,
 15:11:42.152,e36fca7b-ac85-42ee-9e80-64b80ac1a132, 2000-00-00 00:00:16.915, 39.18, 0.7822, 0.6196, 0.0376, 0.4224, 0.3618, 0.1675, 1.74, 1.44, 0.67, 1, 1, 0, 149.6, 149.6, 23.7, 1.530, 3.540, 0.782, 0.012, 0.790, 0.143, 1.209, 0.597, -0.015, 1.172, 1.770, 0.001, 1.505, 3.447, 0.620, 0.008, 0.627, 0.150, 0.944, 0.606, 0.113, 0.973, 1.723, 0.001, 3.766, 2.918, 0.037, 0.002, 0.047, 1.196, 0.181, 4.547, 0.003, 3.044, 1.459, 0.020, 0.000, 0.000, 0.000, 0, 1, 9, 1, 4, 4, 9, 5, 57, 207, 315, 349, 301, 748, 7390, 0, 0, 11, 5, 3, 3, 8, 4, 54, 247, 320, 331, 255, 640, 5588, 0, 0, 18, 3, 1, 0, 0, 1, 8, 334, 364, 46, 31, 41, 1228,
 15:11:42.396,e36fca7b-ac85-42ee-9e80-64b80ac1a132, 2000-00-00 00:00:17.160, 39.20, 0.7822, 0.6196, 0.0371, 0.4175, 0.3745, 0.1748, 1.66, 1.41, 0.66, 1, 1, 0, 149.6, 149.6, 23.7, 1.504, 3.286, 0.782, 0.013, 0.791, 0.146, 1.190, 0.553, 0.064, 1.196, 1.643, 0.001, 1.511, 3.381, 0.620, 0.009, 0.627, 0.156, 0.948, 0.610, 0.012, 1.011, 1.690, 0.001, 4.481, 3.510, 0.037, 0.002, 0.046, 1.236, 0.207, 5.430, -0.112, 2.947, 1.755, 0.019, 0.000, 0.000, 0.000, 1, 0, 14, 3, 3, 1, 21, 12, 60, 258, 379, 361, 289, 1140, 7459, 1, 0, 7, 3, 3, 4, 17, 10, 29, 138, 180, 317, 240, 878, 5097, 0, 0, 16, 2, 1, 0, 0, 0, 4, 290, 309, 30, 21, 27, 1165,
 15:11:42.640,e36fca7b-ac85-42ee-9e80-64b80ac1a132, 2000-00-00 00:00:17.405, 39.20, 0.7822, 0.6196, 0.0371, 0.3809, 0.3384, 0.1768, 1.64, 1.39, 0.66, 1, 1, 0, 149.6, 149.6, 23.7, 1.435, 3.002, 0.782, 0.011, 0.790, 0.139, 1.134, 0.472, -0.016, 1.139, 1.501, 0.001, 1.420, 3.109, 0.620, 0.008, 0.627, 0.151, 0.891, 0.553, 0.089, 0.978, 1.554, 0.001, 4.401, 3.773, 0.037, 0.001, 0.045, 1.228, 0.201, 5.605, -0.019, 2.883, 1.886, 0.019, 0.000, 0.000, 0.000, 1, 0, 14, 3, 3, 1, 21, 12, 60, 258, 379, 361, 289, 1140, 7459, 1, 0, 7, 3, 3, 4, 17, 10, 29, 138, 180, 317, 240, 878, 5097, 0, 0, 16, 2, 1, 0, 0, 0, 4, 290, 309, 30, 21, 27, 1165,
 15:11:42.883,e36fca7b-ac85-42ee-9e80-64b80ac1a132, 2000-00-00 00:00:17.645, 39.22, 0.7822, 0.6196, 0.0371, 0.3774, 0.3286, 0.1782, 1.65, 1.40, 0.65, 1, 1, 0, 149.6, 149.6, 23.7, 1.456, 3.131, 0.782, 0.014, 0.791, 0.150, 1.152, 0.547, 0.084, 1.228, 1.565, 0.001, 1.450, 3.338, 0.620, 0.009, 0.628, 0.158, 0.911, 0.606, 0.010, 1.026, 1.669, 0.001, 4.125, 3.789, 0.037, 0.002, 0.046, 1.233, 0.191, 5.401, 0.140, 2.938, 1.894, 0.019, 0.000, 0.000, 0.000, 1, 0, 14, 3, 3, 1, 21, 12, 60, 258, 379, 361, 289, 1140, 7459, 1, 0, 7, 3, 3, 4, 17, 10, 29, 138, 180, 317, 240, 878, 5097, 0, 0, 16, 2, 1, 0, 0, 0, 4, 290, 309, 30, 21, 27, 1165,
 15:11:43.125,e36fca7b-ac85-42ee-9e80-64b80ac1a132, 2000-00-00 00:00:17.890, 39.21, 0.7822, 0.6196, 0.0371, 0.3647, 0.3359, 0.1748, 1.66, 1.39, 0.65, 1, 1, 0, 149.6, 149.6, 23.7, 1.431, 2.925, 0.782, 0.012, 0.790, 0.142, 1.130, 0.463, -0.028, 1.162, 1.462, 0.001, 1.493, 3.157, 0.620, 0.008, 0.627, 0.150, 0.937, 0.567, 0.018, 0.975, 1.578, 0.001, 4.090, 3.689, 0.037, 0.001, 0.045, 1.233, 0.185, 5.433, 0.164, 2.889, 1.844, 0.019, 0.000, 0.000, 0.000, 1, 0, 14, 3, 3, 1, 21, 12, 60, 258, 379, 361, 289, 1140, 7459, 1, 0, 7, 3, 3, 4, 17, 10, 29, 138, 180, 317, 240, 878, 5097, 0, 0, 16, 2, 1, 0, 0, 0, 4, 290, 309, 30, 21, 27, 1165,
 15:11:43.371,e36fca7b-ac85-42ee-9e80-64b80ac1a132, 2000-00-00 00:00:18.130, 39.20, 0.7822, 0.6196, 0.0371, 0.4189, 0.3638, 0.1670, 1.65, 1.36, 0.64, 1, 1, 0, 150.6, 150.6, 23.7, 1.558, 3.574, 0.782, 0.013, 0.791, 0.148, 1.233, 0.580, -0.015, 1.201, 1.787, 0.001, 1.510, 3.533, 0.620, 0.009, 0.627, 0.153, 0.947, 0.664, 0.069, 0.984, 1.766, 0.001, 3.891, 3.332, 0.037, 0.001, 0.045, 1.219, 0.175, 4.973, 0.083, 2.867, 1.666, 0.019, 0.000, 0.000, 0.000, 2, 0, 10, 5, 1, 1, 14, 7, 41, 204, 305, 284, 303, 799, 6338, 2, 0, 4, 1, 3, 0, 12, 7, 45, 119, 140, 312, 229, 582, 4434, 0, 0, 14, 3, 3, 1, 0, 1, 8, 224, 254, 50, 38, 35, 1056,
 15:11:43.616,e36fca7b-ac85-42ee-9e80-64b80ac1a132, 2000-00-00 00:00:18.375, 39.20, 0.7822, 0.6196, 0.0371, 0.3853, 0.3315, 0.1611, 1.56, 1.31, 0.64, 1, 1, 0, 150.6, 150.6, 23.7, 1.432, 3.220, 0.782, 0.011, 0.789, 0.134, 1.131, 0.528, 0.084, 1.086, 1.610, 0.001, 1.462, 3.371, 0.620, 0.007, 0.626, 0.143, 0.916, 0.552, 0.105, 0.921, 1.685, 0.000, 4.111, 3.408, 0.037, 0.001, 0.045, 1.221, 0.186, 4.919, 0.002, 2.871, 1.704, 0.019, 0.000, 0.000, 0.000, 2, 0, 10, 5, 1, 1, 14, 7, 41, 204, 305, 284, 303, 799, 6338, 2, 0, 4, 1, 3, 0, 12, 7, 45, 119, 140, 312, 229, 582, 4434, 0, 0, 14, 3, 3, 1, 0, 1, 8, 224, 254, 50, 38, 35, 1056,
 15:11:43.857,e36fca7b-ac85-42ee-9e80-64b80ac1a132, 2000-00-00 00:00:18.620, 39.22, 0.7822, 0.6196, 0.0371, 0.3760, 0.3242, 0.1738, 1.54, 1.31, 0.66, 1, 1, 0, 150.6, 150.6, 23.7, 1.474, 3.294, 0.782, 0.011, 0.789, 0.136, 1.164, 0.512, 0.034, 1.105, 1.647, 0.001, 1.483, 3.298, 0.620, 0.008, 0.626, 0.148, 0.930, 0.553, 0.043, 0.952, 1.649, 0.001, 4.190, 3.862, 0.037, 0.002, 0.046, 1.236, 0.195, 5.339, 0.060, 2.958, 1.931, 0.019, 0.000, 0.000, 0.000, 2, 0, 10, 5, 1, 1, 14, 7, 41, 204, 305, 284, 303, 799, 6338, 2, 0, 4, 1, 3, 0, 12, 7, 45, 119, 140, 312, 229, 582, 4434, 0, 0, 14, 3, 3, 1, 0, 1, 8, 224, 254, 50, 38, 35, 1056,
 15:11:44.102,e36fca7b-ac85-42ee-9e80-64b80ac1a132, 2000-00-00 00:00:18.860, 39.23, 0.7822, 0.6196, 0.0371, 0.3813, 0.3398, 0.1714, 1.61, 1.38, 0.65, 1, 1, 0, 150.6, 150.6, 23.7, 1.494, 3.063, 0.782, 0.014, 0.791, 0.153, 1.183, 0.518, 0.024, 1.242, 1.531, 0.001, 1.527, 3.373, 0.620, 0.010, 0.628, 0.164, 0.960, 0.616, 0.084, 1.055, 1.686, 0.001, 3.905, 3.464, 0.037, 0.001, 0.045, 1.215, 0.176, 5.118, 0.128, 2.866, 1.732, 0.019, 0.000, 0.000, 0.000, 2, 0, 10, 5, 1, 1, 14, 7, 41, 204, 305, 284, 303, 799, 6338, 2, 0, 4, 1, 3, 0, 12, 7, 45, 119, 140, 312, 229, 582, 4434, 0, 0, 14, 3, 3, 1, 0, 1, 8, 224, 254, 50, 38, 35, 1056,
 15:11:44.346,e36fca7b-ac85-42ee-9e80-64b80ac1a132, 2000-00-00 00:00:19.105, 39.23, 0.7822, 0.6196, 0.0371, 0.3687, 0.3516, 0.1689, 1.61, 1.38, 0.63, 1, 1, 0, 149.6, 149.6, 23.7, 1.452, 3.027, 0.782, 0.011, 0.790, 0.137, 1.148, 0.477, -0.083, 1.118, 1.513, 0.001, 1.537, 3.430, 0.620, 0.008, 0.627, 0.146, 0.963, 0.607, 0.016, 0.947, 1.715, 0.001, 3.835, 3.436, 0.037, 0.001, 0.044, 1.218, 0.169, 5.124, 0.171, 2.808, 1.718, 0.018, 0.000, 0.000, 0.000, 1, 2, 7, 4, 0, 2, 15, 7, 79, 131, 220, 279, 236, 910, 6044, 1, 1, 12, 5, 1, 1, 12, 3, 28, 216, 292, 307, 199, 666, 4471, 0, 0, 15, 3, 2, 0, 1, 2, 10, 249, 273, 46, 26, 30, 1042,
 15:11:44.591,e36fca7b-ac85-42ee-9e80-64b80ac1a132, 2000-00-00 00:00:19.350, 39.24, 0.7822, 0.6196, 0.0371, 0.3750, 0.3438, 0.1646, 1.58, 1.34, 0.64, 1, 1, 0, 149.6, 149.6, 23.7, 1.463, 3.464, 0.782, 0.011, 0.790, 0.137, 1.156, 0.523, -0.022, 1.121, 1.732, 0.001, 1.484, 3.519, 0.620, 0.008, 0.626, 0.145, 0.930, 0.609, 0.114, 0.942, 1.759, 0.001, 3.463, 3.123, 0.037, 0.001, 0.045, 1.212, 0.156, 4.476, 0.073, 2.865, 1.561, 0.019, 0.000, 0.000, 0.000, 1, 2, 7, 4, 0, 2, 15, 7, 79, 131, 220, 279, 236, 910, 6044, 1, 1, 12, 5, 1, 1, 12, 3, 28, 216, 292, 307, 199, 666, 4471, 0, 0, 15, 3, 2, 0, 1, 2, 10, 249, 273, 46, 26, 30, 1042,
 15:11:44.833,e36fca7b-ac85-42ee-9e80-64b80ac1a132, 2000-00-00 00:00:19.595, 39.23, 0.7822, 0.6196, 0.0371, 0.3867, 0.3452, 0.1719, 1.56, 1.32, 0.66, 1, 1, 0, 149.6, 149.6, 23.7, 1.453, 3.250, 0.782, 0.011, 0.789, 0.136, 1.148, 0.488, -0.012, 1.111, 1.625, 0.001, 1.474, 3.795, 0.620, 0.008, 0.626, 0.146, 0.924, 0.632, 0.166, 0.945, 1.897, 0.001, 3.873, 3.343, 0.037, 0.002, 0.046, 1.232, 0.180, 4.953, 0.155, 2.974, 1.671, 0.019, 0.000, 0.000, 0.000, 1, 2, 7, 4, 0, 2, 15, 7, 79, 131, 220, 279, 236, 910, 6044, 1, 1, 12, 5, 1, 1, 12, 3, 28, 216, 292, 307, 199, 666, 4471, 0, 0, 15, 3, 2, 0, 1, 2, 10, 249, 273, 46, 26, 30, 1042,
 15:11:45.077,e36fca7b-ac85-42ee-9e80-64b80ac1a132, 2000-00-00 00:00:19.835, 39.19, 0.7822, 0.6196, 0.0371, 0.3667, 0.3257, 0.1768, 1.58, 1.35, 0.66, 1, 1, 0, 149.6, 149.6, 23.7, 1.461, 2.938, 0.782, 0.012, 0.790, 0.141, 1.155, 0.486, -0.017, 1.156, 1.469, 0.001, 1.468, 3.146, 0.620, 0.009, 0.627, 0.153, 0.921, 0.535, 0.079, 0.993, 1.573, 0.001, 4.457, 3.752, 0.037, 0.002, 0.046, 1.221, 0.205, 5.705, 0.244, 2.950, 1.876, 0.019, 0.000, 0.000, 0.000, 1, 2, 7, 4, 0, 2, 15, 7, 79, 131, 220, 279, 236, 910, 6044, 1, 1, 12, 5, 1, 1, 12, 3, 28, 216, 292, 307, 199, 666, 4471, 0, 0, 15, 3, 2, 0, 1, 2, 10, 249, 273, 46, 26, 30, 1042,
 15:11:45.320,e36fca7b-ac85-42ee-9e80-64b80ac1a132, 2000-00-00 00:00:20.080, 39.19, 0.7822, 0.6196, 0.0371, 0.3667, 0.3271, 0.1704, 1.60, 1.37, 0.66, 1, 1, 0, 150.6, 150.6, 23.7, 1.477, 2.989, 0.782, 0.013, 0.790, 0.147, 1.168, 0.494, -0.045, 1.191, 1.494, 0.001, 1.566, 3.410, 0.620, 0.009, 0.627, 0.159, 0.983, 0.604, 0.061, 1.026, 1.705, 0.001, 3.720, 3.494, 0.037, 0.001, 0.045, 1.228, 0.171, 4.815, 0.143, 2.919, 1.747, 0.019, 0.000, 0.000, 0.000, 1, 1, 11, 2, 5, 4, 14, 12, 40, 211, 298, 327, 224, 855, 5954, 2, 0, 8, 1, 2, 2, 14, 9, 50, 163, 188, 239, 164, 732, 4412, 0, 0, 18, 3, 1, 0, 1, 0, 6, 343, 368, 38, 28, 23, 1130,
 15:11:45.565,e36fca7b-ac85-42ee-9e80-64b80ac1a132, 2000-00-00 00:00:20.320, 39.19, 0.7822, 0.6196, 0.0371, 0.3765, 0.3403, 0.1636, 1.63, 1.41, 0.65, 1, 1, 0, 150.6, 150.6, 23.7, 1.500, 3.241, 0.782, 0.012, 0.790, 0.144, 1.186, 0.524, -0.059, 1.171, 1.620, 0.001, 1.522, 3.412, 0.620, 0.009, 0.627, 0.155, 0.955, 0.603, 0.013, 0.997, 1.706, 0.001, 3.971, 3.628, 0.037, 0.002, 0.046, 1.233, 0.186, 5.292, 0.097, 2.974, 1.814, 0.019, 0.000, 0.000, 0.000, 1, 1, 11, 2, 5, 4, 14, 12, 40, 211, 298, 327, 224, 855, 5954, 2, 0, 8, 1, 2, 2, 14, 9, 50, 163, 188, 239, 164, 732, 4412, 0, 0, 18, 3, 1, 0, 1, 0, 6, 343, 368, 38, 28, 23, 1130,
 15:11:45.809,e36fca7b-ac85-42ee-9e80-64b80ac1a132, 2000-00-00 00:00:20.565, 39.23, 0.7822, 0.6196, 0.0371, 0.3848, 0.3291, 0.1709, 1.61, 1.37, 0.66, 1, 1, 0, 150.6, 150.6, 23.7, 1.450, 3.294, 0.782, 0.011, 0.790, 0.133, 1.145, 0.489, -0.041, 1.085, 1.647, 0.001, 1.483, 3.526, 0.620, 0.008, 0.626, 0.145, 0.930, 0.556, 0.035, 0.934, 1.763, 0.000, 3.693, 3.148, 0.037, 0.002, 0.046, 1.206, 0.171, 4.757, 0.075, 2.944, 1.574, 0.019, 0.000, 0.000, 0.000, 1, 1, 11, 2, 5, 4, 14, 12, 40, 211, 298, 327, 224, 855, 5954, 2, 0, 8, 1, 2, 2, 14, 9, 50, 163, 188, 239, 164, 732, 4412, 0, 0, 18, 3, 1, 0, 1, 0, 6, 343, 368, 38, 28, 23, 1130,
 15:11:46.053,e36fca7b-ac85-42ee-9e80-64b80ac1a132, 2000-00-00 00:00:20.810, 39.22, 0.7822, 0.6196, 0.0371, 0.4277, 0.3271, 0.1733, 1.67, 1.40, 0.67, 1, 1, 0, 150.6, 150.6, 23.7, 1.530, 3.525, 0.782, 0.013, 0.791, 0.146, 1.210, 0.552, 0.026, 1.186, 1.762, 0.001, 1.478, 3.150, 0.620, 0.009, 0.627, 0.154, 0.928, 0.565, 0.025, 0.992, 1.575, 0.001, 3.751, 3.539, 0.037, 0.002, 0.047, 1.227, 0.178, 4.885, 0.120, 3.035, 1.769, 0.020, 0.000, 0.000, 0.000, 1, 1, 11, 2, 5, 4, 14, 12, 40, 211, 298, 327, 224, 855, 5954, 2, 0, 8, 1, 2, 2, 14, 9, 50, 163, 188, 239, 164, 732, 4412, 0, 0, 18, 3, 1, 0, 1, 0, 6, 343, 368, 38, 28, 23, 1130,
 15:11:46.298,e36fca7b-ac85-42ee-9e80-64b80ac1a132, 2000-00-00 00:00:21.055, 39.23, 0.7822, 0.6196, 0.0371, 0.3936, 0.3335, 0.1650, 1.67, 1.41, 0.66, 1, 1, 0, 150.6, 112.9, 23.7, 1.477, 2.931, 0.782, 0.014, 0.791, 0.152, 1.169, 0.498, 0.010, 1.236, 1.465, 0.001, 1.485, 3.012, 0.620, 0.010, 0.628, 0.163, 0.933, 0.572, 0.027, 1.402, 1.506, 0.001, 3.631, 3.345, 0.037, 0.002, 0.046, 1.220, 0.168, 4.673, 0.140, 2.951, 1.672, 0.019, 0.000, 0.000, 0.000, 2, 1, 13, 4, 6, 0, 3, 7, 71, 299, 402, 359, 274, 702, 6624, 2, 1, 6, 1, 4, 1, 3, 5, 42, 131, 213, 249, 317, 532, 4526, 0, 0, 17, 3, 1, 0, 0, 2, 6, 304, 330, 41, 37, 23, 1085,
 15:11:46.539,e36fca7b-ac85-42ee-9e80-64b80ac1a132, 2000-00-00 00:00:21.295, 39.23, 0.7822, 0.6196, 0.0371, 0.3970, 0.3560, 0.1694, 1.74, 1.48, 0.67, 1, 1, 0, 150.6, 112.9, 23.7, 1.476, 3.296, 0.782, 0.014, 0.791, 0.154, 1.168, 0.526, 0.082, 1.255, 1.648, 0.001, 1.560, 3.229, 0.620, 0.010, 0.629, 0.167, 0.981, 0.615, 0.019, 1.434, 1.614, 0.002, 3.782, 3.407, 0.037, 0.002, 0.048, 1.238, 0.181, 4.864, -0.080, 3.076, 1.703, 0.020, 0.000, 0.000, 0.000, 2, 1, 13, 4, 6, 0, 3, 7, 71, 299, 402, 359, 274, 702, 6624, 2, 1, 6, 1, 4, 1, 3, 5, 42, 131, 213, 249, 317, 532, 4526, 0, 0, 17, 3, 1, 0, 0, 2, 6, 304, 330, 41, 37, 23, 1085,
 15:11:46.784,e36fca7b-ac85-42ee-9e80-64b80ac1a132, 2000-00-00 00:00:21.540, 39.18, 0.7822, 0.6196, 0.0371, 0.4028, 0.3579, 0.1631, 1.77, 1.51, 0.66, 1, 1, 0, 150.6, 112.9, 23.7, 1.518, 3.079, 0.782, 0.014, 0.791, 0.151, 1.201, 0.541, 0.019, 1.229, 1.539, 0.001, 1.534, 3.220, 0.620, 0.010, 0.628, 0.164, 0.964, 0.653, 0.087, 1.412, 1.610, 0.001, 3.774, 3.297, 0.037, 0.002, 0.046, 1.222, 0.174, 4.537, 0.038, 2.945, 1.648, 0.019, 0.000, 0.000, 0.000, 2, 1, 13, 4, 6, 0, 3, 7, 71, 299, 402, 359, 274, 702, 6624, 2, 1, 6, 1, 4, 1, 3, 5, 42, 131, 213, 249, 317, 532, 4526, 0, 0, 17, 3, 1, 0, 0, 2, 6, 304, 330, 41, 37, 23, 1085,
 15:11:47.028,e36fca7b-ac85-42ee-9e80-64b80ac1a132, 2000-00-00 00:00:21.780, 39.20, 0.7822, 0.6196, 0.0371, 0.4282, 0.3613, 0.1680, 1.71, 1.46, 0.66, 1, 1, 0, 150.6, 112.9, 23.7, 1.474, 3.240, 0.782, 0.012, 0.790, 0.139, 1.165, 0.571, 0.071, 1.128, 1.620, 0.001, 1.488, 3.451, 0.620, 0.009, 0.627, 0.152, 0.933, 0.612, 0.041, 1.305, 1.725, 0.001, 4.007, 3.522, 0.037, 0.001, 0.046, 1.232, 0.184, 4.795, -0.104, 2.915, 1.761, 0.019, 0.000, 0.000, 0.000, 2, 1, 13, 4, 6, 0, 3, 7, 71, 299, 402, 359, 274, 702, 6624, 2, 1, 6, 1, 4, 1, 3, 5, 42, 131, 213, 249, 317, 532, 4526, 0, 0, 17, 3, 1, 0, 0, 2, 6, 304, 330, 41, 37, 23, 1085,
 15:11:47.273,e36fca7b-ac85-42ee-9e80-64b80ac1a132, 2000-00-00 00:00:22.025, 39.20, 0.7822, 0.6196, 0.0371, 0.4072, 0.3569, 0.1660, 1.71, 1.47, 0.65, 1, 1, 0, 149.6, 149.6, 23.7, 1.476, 3.272, 0.782, 0.013, 0.791, 0.146, 1.167, 0.539, 0.033, 1.190, 1.636, 0.001, 1.499, 3.453, 0.620, 0.009, 0.628, 0.160, 0.941, 0.646, 0.101, 1.377, 1.726, 0.001, 4.025, 3.442, 0.037, 0.001, 0.045, 1.216, 0.181, 4.808, 0.112, 2.854, 1.721, 0.019, 0.000, 0.000, 0.000, 1, 4, 5, 2, 2, 2, 8, 14, 52, 176, 229, 444, 423, 916, 7522, 1, 2, 5, 1, 0, 2, 8, 10, 50, 145, 177, 402, 387, 797, 5461, 0, 0, 15, 3, 2, 1, 1, 1, 6, 236, 263, 49, 32, 32, 1035,
 15:11:47.516,e36fca7b-ac85-42ee-9e80-64b80ac1a132, 2000-00-00 00:00:22.270, 39.21, 0.7822, 0.6196, 0.0366, 0.3853, 0.3633, 0.1665, 1.69, 1.48, 0.63, 1, 1, 0, 149.6, 149.6, 23.7, 1.512, 3.184, 0.782, 0.015, 0.792, 0.156, 1.198, 0.537, 0.003, 1.273, 1.592, 0.001, 1.555, 3.292, 0.620, 0.011, 0.629, 0.171, 0.979, 0.659, 0.014, 1.107, 1.646, 0.001, 3.808, 3.463, 0.037, 0.001, 0.044, 1.217, 0.169, 4.966, 0.082, 2.821, 1.731, 0.018, 0.000, 0.000, 0.000, 1, 4, 5, 2, 2, 2, 8, 14, 52, 176, 229, 444, 423, 916, 7522, 1, 2, 5, 1, 0, 2, 8, 10, 50, 145, 177, 402, 387, 797, 5461, 0, 0, 15, 3, 2, 1, 1, 1, 6, 236, 263, 49, 32, 32, 1035,
 15:11:47.759,e36fca7b-ac85-42ee-9e80-64b80ac1a132, 2000-00-00 00:00:22.515, 39.23, 0.7822, 0.6196, 0.0366, 0.3882, 0.3545, 0.1665, 1.69, 1.45, 0.62, 1, 1, 0, 149.6, 149.6, 23.7, 1.523, 3.545, 0.782, 0.012, 0.790, 0.141, 1.204, 0.549, 0.063, 1.155, 1.772, 0.001, 1.487, 3.794, 0.620, 0.009, 0.627, 0.153, 0.933, 0.689, 0.166, 0.992, 1.897, 0.001, 4.178, 3.726, 0.036, 0.001, 0.043, 1.239, 0.179, 5.419, -0.054, 2.729, 1.863, 0.018, 0.000, 0.000, 0.000, 1, 4, 5, 2, 2, 2, 8, 14, 52, 176, 229, 444, 423, 916, 7522, 1, 2, 5, 1, 0, 2, 8, 10, 50, 145, 177, 402, 387, 797, 5461, 0, 0, 15, 3, 2, 1, 1, 1, 6, 236, 263, 49, 32, 32, 1035,
 15:11:48.002,e36fca7b-ac85-42ee-9e80-64b80ac1a132, 2000-00-00 00:00:22.755, 39.18, 0.7822, 0.6196, 0.0366, 0.3828, 0.3433, 0.1689, 1.61, 1.38, 0.61, 1, 1, 0, 149.6, 149.6, 23.7, 1.450, 3.246, 0.782, 0.011, 0.789, 0.134, 1.145, 0.526, 0.074, 1.100, 1.623, 0.001, 1.466, 3.353, 0.620, 0.008, 0.626, 0.146, 0.919, 0.607, 0.071, 0.946, 1.676, 0.001, 4.381, 3.372, 0.036, 0.001, 0.043, 1.218, 0.189, 5.246, -0.014, 2.739, 1.686, 0.018, 0.000, 0.000, 0.000, 1, 4, 5, 2, 2, 2, 8, 14, 52, 176, 229, 444, 423, 916, 7522, 1, 2, 5, 1, 0, 2, 8, 10, 50, 145, 177, 402, 387, 797, 5461, 0, 0, 15, 3, 2, 1, 1, 1, 6, 236, 263, 49, 32, 32, 1035,
 15:11:48.245,e36fca7b-ac85-42ee-9e80-64b80ac1a132, 2000-00-00 00:00:22.995, 39.23, 0.7822, 0.6201, 0.0366, 0.3672, 0.3335, 0.1602, 1.57, 1.35, 0.61, 1, 1, 0, 151.5, 149.6, 23.7, 1.391, 3.350, 0.782, 0.010, 0.788, 0.127, 1.097, 0.493, 0.108, 1.043, 1.675, 0.001, 1.484, 3.406, 0.620, 0.007, 0.626, 0.138, 0.930, 0.522, 0.059, 0.893, 1.703, 0.000, 3.854, 3.301, 0.036, 0.001, 0.043, 1.218, 0.166, 4.700, 0.114, 2.754, 1.650, 0.018, 0.000, 0.000, 0.000, 1, 1, 8, 5, 0, 3, 10, 8, 60, 145, 258, 396, 227, 852, 6616, 1, 2, 5, 1, 0, 2, 8, 10, 50, 145, 177, 402, 387, 797, 5461, 0, 0, 15, 3, 2, 1, 1, 1, 6, 236, 263, 49, 32, 32, 1035,
 15:11:48.489,e36fca7b-ac85-42ee-9e80-64b80ac1a132, 2000-00-00 00:00:23.240, 39.27, 0.7822, 0.6201, 0.0366, 0.3857, 0.3442, 0.1567, 1.50, 1.31, 0.59, 1, 1, 0, 151.5, 151.5, 23.7, 1.487, 3.440, 0.782, 0.010, 0.789, 0.132, 1.173, 0.525, 0.042, 1.063, 1.720, 0.001, 1.503, 3.579, 0.620, 0.008, 0.626, 0.145, 0.942, 0.599, 0.075, 0.929, 1.789, 0.000, 4.210, 3.578, 0.036, 0.001, 0.042, 1.231, 0.177, 5.072, -0.058, 2.665, 1.789, 0.017, 0.000, 0.000, 0.000, 1, 1, 8, 5, 0, 3, 10, 8, 60, 145, 258, 396, 227, 852, 6616, 1, 0, 9, 6, 1, 0, 9, 5, 39, 162, 220, 367, 202, 683, 4876, 0, 0, 14, 4, 1, 0, 0, 0, 6, 221, 252, 39, 30, 23, 893,
 15:11:48.733,e36fca7b-ac85-42ee-9e80-64b80ac1a132, 2000-00-00 00:00:23.485, 39.24, 0.7822, 0.6196, 0.0366, 0.3662, 0.3340, 0.1602, 1.48, 1.30, 0.59, 1, 1, 0, 151.5, 151.5, 23.7, 1.458, 3.158, 0.782, 0.010, 0.789, 0.133, 1.151, 0.495, 0.036, 1.075, 1.579, 0.001, 1.465, 3.368, 0.620, 0.008, 0.626, 0.148, 0.918, 0.567, 0.066, 0.948, 1.684, 0.000, 3.869, 3.426, 0.036, 0.001, 0.042, 1.221, 0.165, 4.978, -0.014, 2.710, 1.713, 0.018, 0.000, 0.000, 0.000, 1, 1, 8, 5, 0, 3, 10, 8, 60, 145, 258, 396, 227, 852, 6616, 1, 0, 9, 6, 1, 0, 9, 5, 39, 162, 220, 367, 202, 683, 4876, 0, 0, 14, 4, 1, 0, 0, 0, 6, 221, 252, 39, 30, 23, 893,
 15:11:48.977,e36fca7b-ac85-42ee-9e80-64b80ac1a132, 2000-00-00 00:00:23.725, 39.22, 0.7822, 0.6201, 0.0361, 0.3672, 0.3271, 0.1577, 1.51, 1.32, 0.59, 1, 1, 0, 151.5, 151.5, 23.7, 1.402, 3.331, 0.782, 0.010, 0.788, 0.128, 1.106, 0.482, 0.121, 1.032, 1.665, 0.001, 1.432, 3.436, 0.620, 0.007, 0.626, 0.139, 0.897, 0.632, 0.079, 0.889, 1.718, 0.000, 3.631, 3.141, 0.036, 0.001, 0.042, 1.198, 0.154, 4.577, 0.113, 2.687, 1.570, 0.017, 0.000, 0.000, 0.000, 1, 1, 8, 5, 0, 3, 10, 8, 60, 145, 258, 396, 227, 852, 6616, 1, 0, 9, 6, 1, 0, 9, 5, 39, 162, 220, 367, 202, 683, 4876, 0, 0, 14, 4, 1, 0, 0, 0, 6, 221, 252, 39, 30, 23, 893,
 15:11:49.222,e36fca7b-ac85-42ee-9e80-64b80ac1a132, 2000-00-00 00:00:23.970, 39.22, 0.7822, 0.6201, 0.0361, 0.3589, 0.3389, 0.1494, 1.58, 1.34, 0.60, 1, 1, 0, 151.5, 151.5, 23.7, 1.399, 2.972, 0.782, 0.011, 0.790, 0.136, 1.105, 0.471, 0.068, 1.102, 1.486, 0.001, 1.453, 3.264, 0.620, 0.008, 0.626, 0.144, 0.911, 0.538, 0.072, 0.922, 1.632, 0.000, 4.394, 3.502, 0.036, 0.001, 0.044, 1.214, 0.196, 5.246, 0.055, 2.822, 1.751, 0.018, 0.000, 0.000, 0.000, 1, 1, 8, 5, 0, 3, 10, 8, 60, 145, 258, 396, 227, 852, 6616, 1, 0, 9, 6, 1, 0, 9, 5, 39, 162, 220, 367, 202, 683, 4876, 0, 0, 14, 4, 1, 0, 0, 0, 6, 221, 252, 39, 30, 23, 893,
 15:11:49.464,e36fca7b-ac85-42ee-9e80-64b80ac1a132, 2000-00-00 00:00:24.215, 39.22, 0.7822, 0.6201, 0.0361, 0.3462, 0.3252, 0.1650, 1.57, 1.34, 0.63, 1, 1, 0, 150.6, 150.6, 23.7, 1.419, 2.896, 0.782, 0.011, 0.790, 0.139, 1.122, 0.465, -0.013, 1.129, 1.448, 0.001, 1.472, 3.230, 0.620, 0.008, 0.627, 0.150, 0.924, 0.551, 0.094, 0.965, 1.615, 0.001, 4.402, 3.475, 0.036, 0.001, 0.045, 1.219, 0.200, 5.540, 0.146, 2.890, 1.737, 0.019, 0.000, 0.000, 0.000, 1, 3, 4, 2, 0, 2, 5, 8, 66, 116, 283, 281, 214, 794, 5788, 0, 3, 8, 3, 1, 1, 5, 8, 56, 189, 278, 258, 210, 642, 4546, 0, 0, 15, 5, 2, 0, 1, 1, 5, 239, 272, 47, 21, 23, 908,
 15:11:49.707,e36fca7b-ac85-42ee-9e80-64b80ac1a132, 2000-00-00 00:00:24.455, 39.19, 0.7822, 0.6201, 0.0361, 0.3794, 0.3345, 0.1689, 1.59, 1.36, 0.63, 1, 1, 0, 150.6, 150.6, 23.7, 1.471, 3.027, 0.782, 0.012, 0.790, 0.143, 1.163, 0.513, -0.047, 1.162, 1.513, 0.001, 1.516, 3.275, 0.620, 0.009, 0.627, 0.155, 0.952, 0.590, 0.056, 1.000, 1.637, 0.001, 3.991, 3.389, 0.036, 0.001, 0.044, 1.218, 0.176, 5.219, 0.143, 2.801, 1.694, 0.018, 0.000, 0.000, 0.000, 1, 3, 4, 2, 0, 2, 5, 8, 66, 116, 283, 281, 214, 794, 5788, 0, 3, 8, 3, 1, 1, 5, 8, 56, 189, 278, 258, 210, 642, 4546, 0, 0, 15, 5, 2, 0, 1, 1, 5, 239, 272, 47, 21, 23, 908,
 15:11:49.949,e36fca7b-ac85-42ee-9e80-64b80ac1a132, 2000-00-00 00:00:24.700, 39.23, 0.7822, 0.6201, 0.0361, 0.3599, 0.3354, 0.1631, 1.51, 1.31, 0.62, 1, 1, 0, 150.6, 150.6, 23.7, 1.432, 3.126, 0.782, 0.010, 0.788, 0.127, 1.129, 0.455, -0.006, 1.035, 1.563, 0.001, 1.489, 3.381, 0.620, 0.007, 0.626, 0.141, 0.933, 0.591, 0.067, 0.911, 1.690, 0.000, 3.810, 3.350, 0.036, 0.001, 0.043, 1.220, 0.165, 4.990, 0.179, 2.766, 1.675, 0.018, 0.000, 0.000, 0.000, 1, 3, 4, 2, 0, 2, 5, 8, 66, 116, 283, 281, 214, 794, 5788, 0, 3, 8, 3, 1, 1, 5, 8, 56, 189, 278, 258, 210, 642, 4546, 0, 0, 15, 5, 2, 0, 1, 1, 5, 239, 272, 47, 21, 23, 908,
 15:11:50.194,e36fca7b-ac85-42ee-9e80-64b80ac1a132, 2000-00-00 00:00:24.940, 39.23, 0.7822, 0.6201, 0.0361, 0.3623, 0.3286, 0.1641, 1.55, 1.35, 0.62, 1, 1, 0, 150.6, 150.6, 23.7, 1.475, 3.130, 0.782, 0.012, 0.790, 0.139, 1.165, 0.490, -0.050, 1.133, 1.565, 0.001, 1.476, 3.249, 0.620, 0.008, 0.626, 0.150, 0.925, 0.565, 0.060, 0.968, 1.624, 0.001, 3.788, 3.412, 0.036, 0.001, 0.044, 1.223, 0.167, 5.064, 0.146, 2.819, 1.706, 0.018, 0.000, 0.000, 0.000, 1, 3, 4, 2, 0, 2, 5, 8, 66, 116, 283, 281, 214, 794, 5788, 0, 3, 8, 3, 1, 1, 5, 8, 56, 189, 278, 258, 210, 642, 4546, 0, 0, 15, 5, 2, 0, 1, 1, 5, 239, 272, 47, 21, 23, 908,
 15:11:50.439,e36fca7b-ac85-42ee-9e80-64b80ac1a132, 2000-00-00 00:00:25.185, 39.23, 0.7822, 0.6201, 0.0361, 0.3516, 0.3306, 0.1665, 1.92, 1.63, 0.80, 2, 2, 1, 113.9, 113.9, 23.7, 1.455, 3.027, 0.782, 0.012, 0.790, 0.144, 1.150, 0.496, -0.038, 1.545, 1.513, 0.002, 1.495, 3.429, 0.620, 0.009, 0.627, 0.154, 0.938, 0.595, 0.114, 1.315, 1.714, 0.001, 3.808, 3.336, 0.036, 0.002, 0.048, 1.220, 0.182, 4.710, 0.133, 3.063, 1.668, 0.020, 0.000, 0.000, 0.000, 1, 2, 6, 3, 5, 2, 4, 12, 64, 168, 253, 257, 246, 793, 5786, 0, 3, 6, 2, 4, 1, 3, 9, 50, 179, 195, 234, 210, 620, 4285, 0, 0, 17, 3, 1, 0, 0, 0, 10, 312, 335, 35, 25, 26, 983,
 15:11:50.681,e36fca7b-ac85-42ee-9e80-64b80ac1a132, 2000-00-00 00:00:25.430, 39.24, 0.7822, 0.6201, 0.0361, 0.3457, 0.3315, 0.1753, 2.06, 1.74, 0.87, 2, 2, 1, 113.9, 113.9, 23.7, 1.451, 2.909, 0.782, 0.012, 0.790, 0.144, 1.147, 0.482, 0.035, 1.549, 1.454, 0.002, 1.531, 3.235, 0.620, 0.009, 0.627, 0.152, 0.961, 0.604, 0.081, 1.297, 1.617, 0.001, 3.798, 3.369, 0.036, 0.002, 0.047, 1.230, 0.181, 4.870, 0.007, 3.033, 1.684, 0.020, 0.000, 0.000, 0.000, 1, 2, 6, 3, 5, 2, 4, 12, 64, 168, 253, 257, 246, 793, 5786, 0, 3, 6, 2, 4, 1, 3, 9, 50, 179, 195, 234, 210, 620, 4285, 0, 0, 17, 3, 1, 0, 0, 0, 10, 312, 335, 35, 25, 26, 983,
 15:11:50.924,e36fca7b-ac85-42ee-9e80-64b80ac1a132, 2000-00-00 00:00:25.670, 39.24, 0.7822, 0.6201, 0.0361, 0.3735, 0.3472, 0.1812, 2.11, 1.79, 0.87, 2, 2, 1, 113.9, 113.9, 23.7, 1.436, 3.152, 0.782, 0.012, 0.790, 0.139, 1.135, 0.476, -0.001, 1.499, 1.576, 0.002, 1.549, 3.563, 0.620, 0.008, 0.627, 0.152, 0.972, 0.586, -0.003, 1.295, 1.781, 0.001, 4.116, 3.638, 0.036, 0.001, 0.045, 1.232, 0.189, 5.520, 0.148, 2.917, 1.819, 0.019, 0.000, 0.000, 0.000, 1, 2, 6, 3, 5, 2, 4, 12, 64, 168, 253, 257, 246, 793, 5786, 0, 3, 6, 2, 4, 1, 3, 9, 50, 179, 195, 234, 210, 620, 4285, 0, 0, 17, 3, 1, 0, 0, 0, 10, 312, 335, 35, 25, 26, 983,
 15:11:51.169,e36fca7b-ac85-42ee-9e80-64b80ac1a132, 2000-00-00 00:00:25.915, 39.23, 0.7822, 0.6201, 0.0361, 0.3662, 0.3394, 0.1768, 2.07, 1.78, 0.86, 2, 2, 1, 113.9, 113.9, 23.7, 1.482, 3.308, 0.782, 0.011, 0.789, 0.133, 1.170, 0.498, -0.010, 1.434, 1.654, 0.002, 1.528, 3.462, 0.620, 0.008, 0.626, 0.147, 0.957, 0.573, -0.019, 1.247, 1.731, 0.001, 3.932, 3.444, 0.036, 0.002, 0.046, 1.220, 0.181, 5.249, 0.236, 2.939, 1.722, 0.019, 0.000, 0.000, 0.000, 1, 2, 6, 3, 5, 2, 4, 12, 64, 168, 253, 257, 246, 793, 5786, 0, 3, 6, 2, 4, 1, 3, 9, 50, 179, 195, 234, 210, 620, 4285, 0, 0, 17, 3, 1, 0, 0, 0, 10, 312, 335, 35, 25, 26, 983,
 15:11:51.412,e36fca7b-ac85-42ee-9e80-64b80ac1a132, 2000-00-00 00:00:26.160, 39.22, 0.7822, 0.6201, 0.0361, 0.3960, 0.3604, 0.1689, 1.84, 1.58, 0.75, 2, 1, 0, 149.6, 149.6, 23.7, 1.561, 3.599, 0.782, 0.013, 0.791, 0.146, 1.234, 0.594, -0.003, 1.197, 1.799, 0.001, 1.534, 3.748, 0.620, 0.009, 0.628, 0.157, 0.964, 0.698, 0.068, 1.018, 1.874, 0.001, 4.179, 3.311, 0.036, 0.002, 0.047, 1.231, 0.198, 5.147, 0.087, 3.030, 1.655, 0.020, 0.000, 0.000, 0.000, 1, 1, 12, 3, 3, 2, 10, 11, 36, 243, 299, 298, 192, 751, 6270, 1, 1, 10, 1, 2, 1, 9, 8, 27, 180, 238, 249, 166, 607, 4544, 0, 0, 17, 3, 1, 0, 0, 1, 6, 301, 318, 35, 33, 14, 1061,
 15:11:51.656,e36fca7b-ac85-42ee-9e80-64b80ac1a132, 2000-00-00 00:00:26.400, 39.23, 0.7822, 0.6201, 0.0361, 0.3804, 0.3525, 0.1650, 1.66, 1.41, 0.71, 1, 1, 0, 149.6, 149.6, 23.7, 1.492, 2.883, 0.782, 0.013, 0.791, 0.149, 1.180, 0.511, -0.029, 1.216, 1.441, 0.001, 1.551, 3.294, 0.620, 0.010, 0.628, 0.160, 0.974, 0.610, 0.082, 1.038, 1.647, 0.001, 3.860, 3.228, 0.036, 0.002, 0.048, 1.226, 0.185, 4.596, -0.053, 3.082, 1.614, 0.020, 0.000, 0.000, 0.000, 1, 1, 12, 3, 3, 2, 10, 11, 36, 243, 299, 298, 192, 751, 6270, 1, 1, 10, 1, 2, 1, 9, 8, 27, 180, 238, 249, 166, 607, 4544, 0, 0, 17, 3, 1, 0, 0, 1, 6, 301, 318, 35, 33, 14, 1061,
 15:11:51.899,e36fca7b-ac85-42ee-9e80-64b80ac1a132, 2000-00-00 00:00:26.645, 39.23, 0.7822, 0.6201, 0.0361, 0.3809, 0.3301, 0.1748, 1.58, 1.33, 0.69, 1, 1, 0, 149.6, 149.6, 23.7, 1.454, 3.368, 0.782, 0.011, 0.789, 0.137, 1.148, 0.548, 0.120, 1.120, 1.684, 0.001, 1.502, 3.518, 0.620, 0.008, 0.626, 0.145, 0.941, 0.594, 0.115, 0.943, 1.759, 0.001, 4.181, 3.601, 0.036, 0.002, 0.047, 1.235, 0.196, 5.334, -0.070, 2.995, 1.800, 0.020, 0.000, 0.000, 0.000, 1, 1, 12, 3, 3, 2, 10, 11, 36, 243, 299, 298, 192, 751, 6270, 1, 1, 10, 1, 2, 1, 9, 8, 27, 180, 238, 249, 166, 607, 4544, 0, 0, 17, 3, 1, 0, 0, 1, 6, 301, 318, 35, 33, 14, 1061,
 15:11:52.144,e36fca7b-ac85-42ee-9e80-64b80ac1a132, 2000-00-00 00:00:26.885, 39.22, 0.7822, 0.6201, 0.0366, 0.3809, 0.3403, 0.1738, 1.66, 1.40, 0.68, 1, 1, 0, 149.6, 149.6, 23.7, 1.414, 3.008, 0.782, 0.012, 0.790, 0.141, 1.117, 0.467, 0.015, 1.157, 1.504, 0.001, 1.451, 3.186, 0.620, 0.009, 0.627, 0.152, 0.910, 0.532, 0.087, 0.986, 1.593, 0.001, 3.940, 3.429, 0.036, 0.002, 0.047, 1.217, 0.185, 4.776, 0.028, 2.982, 1.714, 0.019, 0.000, 0.000, 0.000, 1, 1, 12, 3, 3, 2, 10, 11, 36, 243, 299, 298, 192, 751, 6270, 1, 1, 10, 1, 2, 1, 9, 8, 27, 180, 238, 249, 166, 607, 4544, 0, 0, 17, 3, 1, 0, 0, 1, 6, 301, 318, 35, 33, 14, 1061,
 15:11:52.389,e36fca7b-ac85-42ee-9e80-64b80ac1a132, 2000-00-00 00:00:27.130, 39.22, 0.7822, 0.6201, 0.0366, 0.3647, 0.3271, 0.1748, 1.33, 1.13, 0.53, 1, 1, 0, 300.2, 150.6, 23.7, 1.433, 2.919, 0.782, 0.015, 0.792, 0.158, 1.135, 0.497, 0.048, 0.642, 1.459, 0.000, 1.495, 3.064, 0.620, 0.010, 0.628, 0.166, 0.940, 0.551, 0.020, 1.069, 1.532, 0.001, 3.826, 3.670, 0.036, 0.002, 0.047, 1.229, 0.181, 4.963, 0.096, 3.008, 1.835, 0.020, 0.000, 0.000, 0.000, 2, 2, 8, 0, 2, 3, 4, 10, 53, 200, 286, 288, 260, 762, 6763, 1, 2, 6, 2, 3, 3, 3, 10, 52, 175, 262, 314, 246, 651, 5025, 0, 0, 17, 2, 2, 0, 0, 1, 10, 304, 323, 40, 38, 39, 1168,
 15:11:52.632,e36fca7b-ac85-42ee-9e80-64b80ac1a132, 2000-00-00 00:00:27.375, 39.23, 0.7822, 0.6201, 0.0366, 0.3789, 0.3159, 0.1719, 0.92, 0.78, 0.37, 0, 0, 0, 300.2, 150.6, 23.7, 1.418, 3.471, 0.782, 0.011, 0.790, 0.137, 1.120, 0.569, 0.082, 0.557, 1.735, 0.000, 1.452, 3.241, 0.620, 0.008, 0.627, 0.146, 0.910, 0.566, 0.012, 0.944, 1.620, 0.000, 3.844, 3.389, 0.036, 0.002, 0.046, 1.206, 0.177, 5.035, 0.256, 2.933, 1.694, 0.019, 0.000, 0.000, 0.000, 2, 2, 8, 0, 2, 3, 4, 10, 53, 200, 286, 288, 260, 762, 6763, 1, 2, 6, 2, 3, 3, 3, 10, 52, 175, 262, 314, 246, 651, 5025, 0, 0, 17, 2, 2, 0, 0, 1, 10, 304, 323, 40, 38, 39, 1168,
 15:11:52.875,e36fca7b-ac85-42ee-9e80-64b80ac1a132, 2000-00-00 00:00:27.620, 39.23, 0.7822, 0.6201, 0.0366, 0.3848, 0.3320, 0.1665, 0.86, 0.70, 0.34, 0, 0, 0, 300.2, 150.6, 23.7, 1.447, 3.124, 0.782, 0.013, 0.791, 0.145, 1.145, 0.526, 0.049, 0.593, 1.562, 0.000, 1.512, 3.410, 0.620, 0.008, 0.626, 0.144, 0.948, 0.593, 0.049, 0.930, 1.705, 0.000, 3.515, 3.153, 0.036, 0.002, 0.047, 1.220, 0.168, 4.491, -0.003, 3.060, 1.576, 0.020, 0.000, 0.000, 0.000, 2, 2, 8, 0, 2, 3, 4, 10, 53, 200, 286, 288, 260, 762, 6763, 1, 2, 6, 2, 3, 3, 3, 10, 52, 175, 262, 314, 246, 651, 5025, 0, 0, 17, 2, 2, 0, 0, 1, 10, 304, 323, 40, 38, 39, 1168,
 15:11:53.118,e36fca7b-ac85-42ee-9e80-64b80ac1a132, 2000-00-00 00:00:27.860, 39.22, 0.7822, 0.6201, 0.0366, 0.4067, 0.3589, 0.1675, 0.86, 0.70, 0.34, 0, 0, 0, 300.2, 150.6, 23.7, 1.506, 3.161, 0.782, 0.013, 0.791, 0.148, 1.191, 0.575, 0.012, 0.603, 1.580, 0.000, 1.543, 3.412, 0.620, 0.008, 0.627, 0.151, 0.968, 0.604, 0.028, 0.976, 1.706, 0.001, 4.045, 3.381, 0.036, 0.002, 0.048, 1.243, 0.196, 4.923, -0.247, 3.096, 1.690, 0.020, 0.000, 0.000, 0.000, 2, 2, 8, 0, 2, 3, 4, 10, 53, 200, 286, 288, 260, 762, 6763, 1, 2, 6, 2, 3, 3, 3, 10, 52, 175, 262, 314, 246, 651, 5025, 0, 0, 17, 2, 2, 0, 0, 1, 10, 304, 323, 40, 38, 39, 1168,
 15:11:53.362,e36fca7b-ac85-42ee-9e80-64b80ac1a132, 2000-00-00 00:00:28.105, 39.23, 0.7822, 0.6201, 0.0366, 0.3979, 0.3569, 0.1782, 0.86, 0.71, 0.34, 0, 0, 0, 300.2, 149.6, 23.7, 1.489, 3.037, 0.782, 0.013, 0.791, 0.145, 1.178, 0.512, 0.059, 0.593, 1.518, 0.000, 1.493, 3.252, 0.620, 0.009, 0.627, 0.155, 0.937, 0.589, 0.147, 1.001, 1.626, 0.001, 4.136, 3.497, 0.036, 0.002, 0.047, 1.243, 0.198, 5.000, -0.128, 3.063, 1.748, 0.020, 0.000, 0.000, 0.000, 2, 2, 12, 4, 6, 0, 9, 8, 30, 255, 332, 428, 326, 894, 7218, 0, 2, 7, 2, 2, 1, 7, 5, 31, 148, 162, 337, 222, 655, 4557, 1, 0, 16, 2, 2, 0, 0, 0, 4, 295, 317, 50, 23, 36, 1164,
 15:11:53.607,e36fca7b-ac85-42ee-9e80-64b80ac1a132, 2000-00-00 00:00:28.345, 39.25, 0.7822, 0.6201, 0.0366, 0.4004, 0.3423, 0.1870, 0.87, 0.71, 0.34, 0, 0, 0, 300.2, 149.6, 23.7, 1.457, 2.885, 0.782, 0.015, 0.792, 0.160, 1.154, 0.556, 0.050, 0.650, 1.442, 0.000, 1.561, 3.083, 0.620, 0.010, 0.628, 0.166, 0.981, 0.600, -0.023, 1.077, 1.541, 0.001, 4.271, 3.741, 0.036, 0.002, 0.048, 1.236, 0.208, 5.612, 0.028, 3.114, 1.870, 0.020, 0.000, 0.000, 0.000, 2, 2, 12, 4, 6, 0, 9, 8, 30, 255, 332, 428, 326, 894, 7218, 0, 2, 7, 2, 2, 1, 7, 5, 31, 148, 162, 337, 222, 655, 4557, 1, 0, 16, 2, 2, 0, 0, 0, 4, 295, 317, 50, 23, 36, 1164,
 15:11:53.850,e36fca7b-ac85-42ee-9e80-64b80ac1a132, 2000-00-00 00:00:28.590, 39.24, 0.7822, 0.6201, 0.0366, 0.3896, 0.3413, 0.1763, 0.86, 0.71, 0.33, 0, 0, 0, 300.2, 149.6, 23.7, 1.445, 2.968, 0.782, 0.013, 0.790, 0.146, 1.142, 0.500, -0.019, 0.596, 1.484, 0.000, 1.480, 3.256, 0.620, 0.009, 0.627, 0.152, 0.929, 0.551, 0.032, 0.988, 1.628, 0.001, 3.742, 3.384, 0.036, 0.001, 0.046, 1.215, 0.173, 4.755, 0.072, 2.926, 1.692, 0.019, 0.000, 0.000, 0.000, 2, 2, 12, 4, 6, 0, 9, 8, 30, 255, 332, 428, 326, 894, 7218, 0, 2, 7, 2, 2, 1, 7, 5, 31, 148, 162, 337, 222, 655, 4557, 1, 0, 16, 2, 2, 0, 0, 0, 4, 295, 317, 50, 23, 36, 1164,
 15:11:54.093,e36fca7b-ac85-42ee-9e80-64b80ac1a132, 2000-00-00 00:00:28.835, 39.27, 0.7822, 0.6201, 0.0366, 0.4087, 0.3516, 0.1631, 0.86, 0.72, 0.33, 0, 0, 0, 300.2, 149.6, 23.7, 1.489, 3.200, 0.782, 0.014, 0.791, 0.151, 1.179, 0.555, 0.060, 0.616, 1.600, 0.000, 1.528, 3.455, 0.620, 0.009, 0.627, 0.159, 0.959, 0.677, 0.016, 1.030, 1.727, 0.001, 3.901, 3.211, 0.036, 0.002, 0.047, 1.218, 0.186, 4.642, -0.076, 3.021, 1.605, 0.020, 0.000, 0.000, 0.000, 2, 2, 12, 4, 6, 0, 9, 8, 30, 255, 332, 428, 326, 894, 7218, 0, 2, 7, 2, 2, 1, 7, 5, 31, 148, 162, 337, 222, 655, 4557, 1, 0, 16, 2, 2, 0, 0, 0, 4, 295, 317, 50, 23, 36, 1164,
 15:11:54.336,e36fca7b-ac85-42ee-9e80-64b80ac1a132, 2000-00-00 00:00:29.075, 39.25, 0.7822, 0.6201, 0.0366, 0.3896, 0.3643, 0.1650, 0.85, 0.71, 0.34, 0, 0, 0, 300.2, 149.6, 23.7, 1.445, 3.080, 0.782, 0.013, 0.791, 0.148, 1.144, 0.494, 0.016, 0.605, 1.540, 0.000, 1.498, 3.273, 0.620, 0.009, 0.628, 0.157, 0.941, 0.660, 0.071, 1.017, 1.636, 0.001, 3.934, 3.316, 0.036, 0.002, 0.048, 1.233, 0.189, 4.700, 0.012, 3.061, 1.658, 0.020, 0.000, 0.000, 0.000, 2, 0, 15, 3, 4, 0, 10, 3, 72, 339, 471, 309, 330, 848, 7321, 3, 1, 11, 2, 1, 0, 9, 3, 53, 182, 268, 296, 249, 646, 5071, 1, 0, 16, 2, 2, 0, 0, 0, 4, 295, 317, 50, 23, 36, 1164,
 15:11:54.579,e36fca7b-ac85-42ee-9e80-64b80ac1a132, 2000-00-00 00:00:29.320, 39.24, 0.7822, 0.6201, 0.0366, 0.3784, 0.3633, 0.1670, 0.83, 0.71, 0.33, 0, 0, 0, 300.2, 149.6, 23.7, 1.421, 3.004, 0.782, 0.011, 0.790, 0.139, 1.122, 0.473, 0.036, 0.567, 1.502, 0.000, 1.504, 3.232, 0.620, 0.008, 0.627, 0.152, 0.944, 0.563, 0.040, 0.985, 1.616, 0.001, 3.856, 3.456, 0.036, 0.002, 0.047, 1.227, 0.183, 4.963, 0.206, 3.031, 1.728, 0.020, 0.000, 0.000, 0.000, 2, 0, 15, 3, 4, 0, 10, 3, 72, 339, 471, 309, 330, 848, 7321, 3, 1, 11, 2, 1, 0, 9, 3, 53, 182, 268, 296, 249, 646, 5071, 0, 0, 17, 3, 1, 0, 0, 0, 8, 323, 349, 36, 21, 22, 1129,
 15:11:54.821,e36fca7b-ac85-42ee-9e80-64b80ac1a132, 2000-00-00 00:00:29.560, 39.24, 0.7822, 0.6201, 0.0366, 0.3662, 0.3442, 0.1714, 0.82, 0.71, 0.33, 0, 0, 0, 300.2, 149.6, 23.7, 1.437, 3.017, 0.782, 0.011, 0.789, 0.136, 1.135, 0.455, 0.024, 0.556, 1.508, 0.000, 1.540, 3.313, 0.620, 0.008, 0.627, 0.149, 0.966, 0.589, 0.019, 0.968, 1.656, 0.001, 3.800, 3.304, 0.036, 0.001, 0.045, 1.221, 0.172, 4.967, 0.119, 2.889, 1.652, 0.019, 0.000, 0.000, 0.000, 2, 0, 15, 3, 4, 0, 10, 3, 72, 339, 471, 309, 330, 848, 7321, 3, 1, 11, 2, 1, 0, 9, 3, 53, 182, 268, 296, 249, 646, 5071, 0, 0, 17, 3, 1, 0, 0, 0, 8, 323, 349, 36, 21, 22, 1129,
 15:11:55.064,e36fca7b-ac85-42ee-9e80-64b80ac1a132, 2000-00-00 00:00:29.805, 39.22, 0.7822, 0.6201, 0.0366, 0.3569, 0.3140, 0.1655, 0.75, 0.66, 0.32, 0, 0, 0, 300.2, 149.6, 23.7, 1.425, 3.117, 0.782, 0.010, 0.789, 0.132, 1.125, 0.476, 0.021, 0.537, 1.558, 0.000, 1.474, 3.158, 0.620, 0.008, 0.626, 0.146, 0.924, 0.534, 0.025, 0.949, 1.579, 0.001, 4.256, 3.242, 0.036, 0.001, 0.045, 1.221, 0.193, 5.119, -0.014, 2.902, 1.621, 0.019, 0.000, 0.000, 0.000, 2, 0, 15, 3, 4, 0, 10, 3, 72, 339, 471, 309, 330, 848, 7321, 3, 1, 11, 2, 1, 0, 9, 3, 53, 182, 268, 296, 249, 646, 5071, 0, 0, 17, 3, 1, 0, 0, 0, 8, 323, 349, 36, 21, 22, 1129,
 15:11:55.305,e36fca7b-ac85-42ee-9e80-64b80ac1a132, 2000-00-00 00:00:30.045, 39.22, 0.7822, 0.6201, 0.0366, 0.3643, 0.3281, 0.1650, 0.79, 0.69, 0.32, 0, 0, 0, 300.2, 149.6, 23.7, 1.450, 3.202, 0.782, 0.011, 0.789, 0.136, 1.145, 0.489, -0.004, 0.554, 1.601, 0.000, 1.446, 3.267, 0.620, 0.008, 0.626, 0.148, 0.906, 0.604, 0.130, 0.957, 1.633, 0.001, 3.980, 3.465, 0.036, 0.001, 0.045, 1.224, 0.180, 4.966, 0.019, 2.880, 1.732, 0.019, 0.000, 0.000, 0.000, 2, 0, 15, 3, 4, 0, 10, 3, 72, 339, 471, 309, 330, 848, 7321, 3, 1, 11, 2, 1, 0, 9, 3, 53, 182, 268, 296, 249, 646, 5071, 0, 0, 17, 3, 1, 0, 0, 0, 8, 323, 349, 36, 21, 22, 1129,
 15:11:55.551,e36fca7b-ac85-42ee-9e80-64b80ac1a132, 2000-00-00 00:00:30.285, 39.24, 0.7822, 0.6201, 0.0366, 0.3511, 0.3247, 0.1772, 1.36, 1.17, 0.56, 1, 1, 0, 149.6, 149.6, 23.7, 1.425, 2.911, 0.782, 0.011, 0.789, 0.136, 1.125, 0.445, 0.031, 1.115, 1.455, 0.001, 1.448, 3.174, 0.620, 0.008, 0.626, 0.149, 0.908, 0.567, 0.114, 0.964, 1.587, 0.001, 4.453, 3.774, 0.036, 0.002, 0.046, 1.219, 0.206, 5.678, 0.129, 2.939, 1.887, 0.019, 0.000, 0.000, 0.000, 0, 0, 11, 1, 0, 2, 6, 8, 35, 241, 298, 311, 234, 825, 6709, 1, 0, 8, 3, 1, 1, 5, 6, 30, 196, 228, 361, 210, 659, 5204, 0, 0, 18, 4, 1, 0, 0, 0, 6, 345, 368, 45, 32, 30, 1097,
 15:11:55.793,e36fca7b-ac85-42ee-9e80-64b80ac1a132, 2000-00-00 00:00:30.530, 39.26, 0.7822, 0.6201, 0.0366, 0.3662, 0.3301, 0.1709, 1.59, 1.38, 0.64, 1, 1, 0, 149.6, 149.6, 23.7, 1.495, 3.149, 0.782, 0.013, 0.791, 0.148, 1.183, 0.512, -0.025, 1.215, 1.574, 0.001, 1.505, 3.202, 0.620, 0.010, 0.628, 0.163, 0.946, 0.594, 0.039, 1.055, 1.601, 0.001, 3.704, 3.444, 0.036, 0.002, 0.046, 1.216, 0.171, 4.923, 0.185, 2.935, 1.722, 0.019, 0.000, 0.000, 0.000, 0, 0, 11, 1, 0, 2, 6, 8, 35, 241, 298, 311, 234, 825, 6709, 1, 0, 8, 3, 1, 1, 5, 6, 30, 196, 228, 361, 210, 659, 5204, 0, 0, 18, 4, 1, 0, 0, 0, 6, 345, 368, 45, 32, 30, 1097,
 15:11:56.037,e36fca7b-ac85-42ee-9e80-64b80ac1a132, 2000-00-00 00:00:30.775, 39.24, 0.7822, 0.6201, 0.0366, 0.3916, 0.3369, 0.1719, 1.63, 1.40, 0.68, 1, 1, 0, 149.6, 149.6, 23.7, 1.560, 3.541, 0.782, 0.011, 0.790, 0.138, 1.233, 0.575, -0.051, 1.126, 1.770, 0.001, 1.501, 3.669, 0.620, 0.008, 0.627, 0.149, 0.941, 0.554, 0.030, 0.964, 1.834, 0.001, 3.791, 3.369, 0.036, 0.002, 0.049, 1.237, 0.188, 4.903, 0.038, 3.169, 1.684, 0.021, 0.000, 0.000, 0.000, 0, 0, 11, 1, 0, 2, 6, 8, 35, 241, 298, 311, 234, 825, 6709, 1, 0, 8, 3, 1, 1, 5, 6, 30, 196, 228, 361, 210, 659, 5204, 0, 0, 18, 4, 1, 0, 0, 0, 6, 345, 368, 45, 32, 30, 1097,
 15:11:56.279,e36fca7b-ac85-42ee-9e80-64b80ac1a132, 2000-00-00 00:00:31.015, 39.26, 0.7822, 0.6201, 0.0366, 0.4077, 0.3496, 0.1646, 1.71, 1.45, 0.68, 1, 1, 0, 149.6, 149.6, 23.7, 1.503, 3.059, 0.782, 0.014, 0.791, 0.151, 1.190, 0.520, -0.072, 1.235, 1.529, 0.001, 1.477, 3.181, 0.620, 0.009, 0.628, 0.160, 0.927, 0.585, 0.069, 1.039, 1.590, 0.001, 3.802, 3.080, 0.036, 0.002, 0.048, 1.221, 0.183, 4.596, -0.033, 3.079, 1.540, 0.020, 0.000, 0.000, 0.000, 0, 0, 11, 1, 0, 2, 6, 8, 35, 241, 298, 311, 234, 825, 6709, 1, 0, 8, 3, 1, 1, 5, 6, 30, 196, 228, 361, 210, 659, 5204, 0, 0, 18, 4, 1, 0, 0, 0, 6, 345, 368, 45, 32, 30, 1097,
 15:11:56.525,e36fca7b-ac85-42ee-9e80-64b80ac1a132, 2000-00-00 00:00:31.260, 39.25, 0.7822, 0.6201, 0.0366, 0.3765, 0.3530, 0.1670, 1.34, 1.15, 0.56, 1, 1, 0, 300.2, 149.6, 23.7, 1.471, 3.068, 0.782, 0.013, 0.791, 0.146, 1.164, 0.496, -0.058, 0.596, 1.534, 0.000, 1.505, 3.482, 0.620, 0.009, 0.628, 0.159, 0.946, 0.641, 0.108, 1.032, 1.741, 0.001, 3.903, 3.192, 0.036, 0.002, 0.046, 1.224, 0.183, 4.773, 0.046, 2.995, 1.596, 0.020, 0.000, 0.000, 0.000, 4, 1, 11, 5, 7, 1, 8, 12, 34, 278, 311, 347, 263, 733, 6325, 2, 0, 5, 4, 4, 1, 8, 11, 41, 135, 194, 292, 216, 556, 4815, 0, 0, 16, 2, 1, 0, 0, 1, 6, 286, 311, 35, 37, 23, 1149,
 15:11:56.768,e36fca7b-ac85-42ee-9e80-64b80ac1a132, 2000-00-00 00:00:31.505, 39.22, 0.7822, 0.6201, 0.0366, 0.3623, 0.3506, 0.1738, 1.07, 0.92, 0.45, 0, 0, 0, 300.2, 149.6, 23.7, 1.447, 3.118, 0.782, 0.011, 0.790, 0.138, 1.143, 0.463, 0.028, 0.564, 1.559, 0.000, 1.474, 3.395, 0.620, 0.008, 0.626, 0.149, 0.924, 0.584, 0.037, 0.965, 1.697, 0.001, 4.252, 3.509, 0.037, 0.002, 0.048, 1.232, 0.207, 5.531, 0.071, 3.127, 1.754, 0.020, 0.000, 0.000, 0.000, 4, 1, 11, 5, 7, 1, 8, 12, 34, 278, 311, 347, 263, 733, 6325, 2, 0, 5, 4, 4, 1, 8, 11, 41, 135, 194, 292, 216, 556, 4815, 0, 0, 16, 2, 1, 0, 0, 1, 6, 286, 311, 35, 37, 23, 1149,
 15:11:57.012,e36fca7b-ac85-42ee-9e80-64b80ac1a132, 2000-00-00 00:00:31.745, 39.22, 0.7822, 0.6201, 0.0366, 0.3740, 0.3379, 0.1797, 0.86, 0.74, 0.36, 0, 0, 0, 300.2, 149.6, 23.7, 1.447, 3.079, 0.782, 0.011, 0.789, 0.138, 1.143, 0.494, -0.021, 0.563, 1.539, 0.000, 1.470, 3.336, 0.620, 0.008, 0.626, 0.149, 0.921, 0.594, 0.069, 0.966, 1.668, 0.001, 3.937, 3.524, 0.037, 0.002, 0.049, 1.231, 0.193, 5.044, 0.138, 3.136, 1.762, 0.020, 0.000, 0.000, 0.000, 4, 1, 11, 5, 7, 1, 8, 12, 34, 278, 311, 347, 263, 733, 6325, 2, 0, 5, 4, 4, 1, 8, 11, 41, 135, 194, 292, 216, 556, 4815, 0, 0, 16, 2, 1, 0, 0, 1, 6, 286, 311, 35, 37, 23, 1149,
 15:11:57.256,e36fca7b-ac85-42ee-9e80-64b80ac1a132, 2000-00-00 00:00:31.990, 39.23, 0.7822, 0.6201, 0.0371, 0.4082, 0.3564, 0.1782, 0.86, 0.72, 0.36, 0, 0, 0, 300.2, 149.6, 23.7, 1.488, 3.237, 0.782, 0.014, 0.791, 0.151, 1.177, 0.545, -0.009, 0.616, 1.618, 0.000, 1.560, 3.170, 0.620, 0.009, 0.627, 0.158, 0.979, 0.613, -0.061, 1.021, 1.585, 0.001, 3.751, 3.319, 0.037, 0.002, 0.049, 1.224, 0.187, 4.980, 0.110, 3.179, 1.659, 0.021, 0.000, 0.000, 0.000, 4, 1, 11, 5, 7, 1, 8, 12, 34, 278, 311, 347, 263, 733, 6325, 2, 0, 5, 4, 4, 1, 8, 11, 41, 135, 194, 292, 216, 556, 4815, 0, 0, 16, 2, 1, 0, 0, 1, 6, 286, 311, 35, 37, 23, 1149,
 15:11:57.501,e36fca7b-ac85-42ee-9e80-64b80ac1a132, 2000-00-00 00:00:32.230, 39.22, 0.7822, 0.6201, 0.0371, 0.4092, 0.3530, 0.1758, 1.41, 1.16, 0.56, 1, 1, 0, 150.6, 150.6, 23.7, 1.480, 2.938, 0.782, 0.015, 0.792, 0.159, 1.173, 0.530, 0.038, 1.290, 1.469, 0.001, 1.505, 3.018, 0.620, 0.010, 0.628, 0.165, 0.946, 0.567, 0.018, 1.060, 1.509, 0.001, 4.020, 3.306, 0.037, 0.002, 0.050, 1.225, 0.202, 4.846, -0.045, 3.211, 1.653, 0.021, 0.000, 0.000, 0.000, 2, 0, 13, 3, 2, 0, 11, 12, 45, 275, 408, 260, 236, 767, 7315, 1, 1, 4, 1, 2, 3, 8, 7, 61, 141, 140, 239, 221, 594, 4931, 0, 0, 16, 3, 2, 1, 1, 1, 8, 268, 291, 37, 42, 26, 1239,
 15:11:57.745,e36fca7b-ac85-42ee-9e80-64b80ac1a132, 2000-00-00 00:00:32.480, 39.23, 0.7822, 0.6201, 0.0371, 0.3901, 0.3525, 0.1748, 1.64, 1.37, 0.68, 1, 1, 0, 150.6, 150.6, 23.7, 1.486, 3.045, 0.782, 0.014, 0.792, 0.154, 1.177, 0.517, -0.004, 1.255, 1.522, 0.001, 1.550, 3.323, 0.620, 0.010, 0.628, 0.163, 0.974, 0.631, 0.095, 1.053, 1.661, 0.001, 4.190, 3.314, 0.037, 0.002, 0.049, 1.225, 0.208, 5.308, 0.050, 3.176, 1.657, 0.021, 0.000, 0.000, 0.000, 2, 0, 13, 3, 2, 0, 11, 12, 45, 275, 408, 260, 236, 767, 7315, 1, 1, 4, 1, 2, 3, 8, 7, 61, 141, 140, 239, 221, 594, 4931, 0, 0, 16, 3, 2, 1, 1, 1, 8, 268, 291, 37, 42, 26, 1239,
 15:11:57.988,e36fca7b-ac85-42ee-9e80-64b80ac1a132, 2000-00-00 00:00:32.720, 39.22, 0.7822, 0.6201, 0.0371, 0.3789, 0.3418, 0.1743, 1.70, 1.43, 0.71, 1, 1, 0, 150.6, 150.6, 23.7, 1.426, 2.912, 0.782, 0.013, 0.791, 0.149, 1.129, 0.477, 0.052, 1.214, 1.456, 0.001, 1.519, 3.084, 0.620, 0.009, 0.627, 0.159, 0.954, 0.566, 0.073, 1.026, 1.542, 0.001, 3.703, 3.216, 0.037, 0.002, 0.049, 1.238, 0.183, 4.462, -0.069, 3.162, 1.608, 0.021, 0.000, 0.000, 0.000, 2, 0, 13, 3, 2, 0, 11, 12, 45, 275, 408, 260, 236, 767, 7315, 1, 1, 4, 1, 2, 3, 8, 7, 61, 141, 140, 239, 221, 594, 4931, 0, 0, 16, 3, 2, 1, 1, 1, 8, 268, 291, 37, 42, 26, 1239,
 15:11:58.231,e36fca7b-ac85-42ee-9e80-64b80ac1a132, 2000-00-00 00:00:32.960, 39.19, 0.7822, 0.6201, 0.0371, 0.4058, 0.3555, 0.1826, 1.81, 1.52, 0.71, 1, 1, 0, 150.6, 150.6, 23.7, 1.534, 3.317, 0.782, 0.016, 0.792, 0.162, 1.216, 0.620, -0.002, 1.312, 1.658, 0.001, 1.553, 3.158, 0.620, 0.011, 0.629, 0.171, 0.978, 0.595, -0.021, 1.103, 1.579, 0.001, 3.877, 3.380, 0.037, 0.002, 0.050, 1.231, 0.194, 4.887, 0.086, 3.228, 1.690, 0.021, 0.000, 0.000, 0.000, 2, 0, 13, 3, 2, 0, 11, 12, 45, 275, 408, 260, 236, 767, 7315, 1, 1, 4, 1, 2, 3, 8, 7, 61, 141, 140, 239, 221, 594, 4931, 0, 0, 16, 3, 2, 1, 1, 1, 8, 268, 291, 37, 42, 26, 1239,
 15:11:58.475,e36fca7b-ac85-42ee-9e80-64b80ac1a132, 2000-00-00 00:00:33.205, 39.19, 0.7822, 0.6201, 0.0371, 0.4189, 0.3530, 0.1841, 1.42, 1.19, 0.57, 1, 1, 0, 300.2, 150.6, 23.7, 1.609, 3.307, 0.782, 0.015, 0.792, 0.160, 1.275, 0.644, -0.024, 0.650, 1.653, 0.000, 1.562, 3.325, 0.620, 0.011, 0.629, 0.169, 0.983, 0.649, 0.033, 1.089, 1.662, 0.001, 3.747, 3.375, 0.037, 0.002, 0.049, 1.232, 0.187, 4.884, 0.104, 3.207, 1.687, 0.021, 0.000, 0.000, 0.000, 0, 1, 8, 7, 1, 2, 10, 13, 61, 164, 308, 386, 457, 858, 7537, 0, 0, 7, 4, 3, 3, 10, 8, 21, 125, 236, 355, 394, 737, 5448, 0, 0, 14, 3, 2, 0, 0, 1, 5, 230, 250, 38, 39, 23, 1172,
 15:11:58.719,e36fca7b-ac85-42ee-9e80-64b80ac1a132, 2000-00-00 00:00:33.450, 39.21, 0.7822, 0.6201, 0.0376, 0.4253, 0.3677, 0.1807, 1.03, 0.86, 0.41, 0, 0, 0, 300.2, 150.6, 23.7, 1.545, 3.404, 0.782, 0.016, 0.792, 0.163, 1.224, 0.584, 0.033, 0.663, 1.702, 0.000, 1.537, 3.138, 0.620, 0.011, 0.629, 0.171, 0.967, 0.645, -0.002, 1.099, 1.569, 0.001, 3.900, 3.315, 0.037, 0.002, 0.052, 1.229, 0.204, 4.749, -0.007, 3.358, 1.657, 0.022, 0.000, 0.000, 0.000, 0, 1, 8, 7, 1, 2, 10, 13, 61, 164, 308, 386, 457, 858, 7537, 0, 0, 7, 4, 3, 3, 10, 8, 21, 125, 236, 355, 394, 737, 5448, 0, 0, 14, 3, 2, 0, 0, 1, 5, 230, 250, 38, 39, 23, 1172,
 15:11:58.963,e36fca7b-ac85-42ee-9e80-64b80ac1a132, 2000-00-00 00:00:33.690, 39.20, 0.7822, 0.6201, 0.0376, 0.4004, 0.3623, 0.1694, 0.91, 0.77, 0.37, 0, 0, 0, 300.2, 150.6, 23.7, 1.437, 3.177, 0.782, 0.014, 0.791, 0.151, 1.137, 0.528, 0.051, 0.617, 1.588, 0.000, 1.544, 3.312, 0.620, 0.010, 0.628, 0.162, 0.970, 0.619, 0.022, 1.040, 1.656, 0.001, 3.640, 3.214, 0.037, 0.002, 0.050, 1.225, 0.185, 4.684, -0.020, 3.238, 1.607, 0.021, 0.000, 0.000, 0.000, 0, 1, 8, 7, 1, 2, 10, 13, 61, 164, 308, 386, 457, 858, 7537, 0, 0, 7, 4, 3, 3, 10, 8, 21, 125, 236, 355, 394, 737, 5448, 0, 0, 14, 3, 2, 0, 0, 1, 5, 230, 250, 38, 39, 23, 1172,
 15:11:59.208,e36fca7b-ac85-42ee-9e80-64b80ac1a132, 2000-00-00 00:00:33.935, 39.21, 0.7822, 0.6201, 0.0376, 0.3999, 0.3647, 0.1738, 0.88, 0.75, 0.35, 0, 0, 0, 300.2, 150.6, 23.7, 1.427, 2.985, 0.782, 0.013, 0.790, 0.145, 1.128, 0.514, 0.087, 0.591, 1.492, 0.000, 1.536, 3.256, 0.620, 0.009, 0.628, 0.160, 0.965, 0.613, 0.059, 1.031, 1.628, 0.001, 3.708, 3.288, 0.037, 0.002, 0.048, 1.229, 0.180, 4.674, -0.038, 3.091, 1.644, 0.020, 0.000, 0.000, 0.000, 0, 1, 8, 7, 1, 2, 10, 13, 61, 164, 308, 386, 457, 858, 7537, 0, 0, 7, 4, 3, 3, 10, 8, 21, 125, 236, 355, 394, 737, 5448, 0, 0, 14, 3, 2, 0, 0, 1, 5, 230, 250, 38, 39, 23, 1172,
 15:11:59.451,e36fca7b-ac85-42ee-9e80-64b80ac1a132, 2000-00-00 00:00:34.180, 39.22, 0.7822, 0.6201, 0.0376, 0.3657, 0.3447, 0.1641, 1.16, 1.01, 0.46, 1, 0, 0, 122.8, 122.8, 23.7, 1.403, 2.902, 0.782, 0.013, 0.791, 0.147, 1.110, 0.482, 0.098, 0.600, 1.451, 0.000, 1.502, 3.101, 0.620, 0.010, 0.628, 0.162, 0.944, 0.574, 0.039, 1.044, 1.550, 0.001, 3.872, 3.343, 0.037, 0.002, 0.046, 1.223, 0.180, 5.064, 0.003, 2.969, 1.671, 0.019, 0.000, 0.000, 0.000, 3, 1, 8, 5, 4, 3, 19, 12, 62, 147, 316, 371, 382, 1254, 7880, 3, 1, 9, 0, 3, 2, 15, 9, 43, 157, 257, 287, 320, 848, 5746, 0, 0, 14, 4, 2, 1, 1, 0, 9, 223, 254, 57, 30, 18, 1174,
 15:11:59.696,e36fca7b-ac85-42ee-9e80-64b80ac1a132, 2000-00-00 00:00:34.420, 39.21, 0.7822, 0.6201, 0.0376, 0.3623, 0.3379, 0.1689, 1.84, 1.59, 0.73, 2, 1, 0, 122.8, 122.8, 23.7, 1.442, 3.035, 0.782, 0.012, 0.791, 0.142, 1.141, 0.485, -0.004, 1.415, 1.517, 0.001, 1.533, 3.039, 0.620, 0.009, 0.627, 0.153, 0.962, 0.576, 0.033, 1.209, 1.519, 0.001, 3.666, 3.365, 0.037, 0.002, 0.046, 1.224, 0.170, 4.901, 0.072, 2.960, 1.682, 0.019, 0.000, 0.000, 0.000, 3, 1, 8, 5, 4, 3, 19, 12, 62, 147, 316, 371, 382, 1254, 7880, 3, 1, 9, 0, 3, 2, 15, 9, 43, 157, 257, 287, 320, 848, 5746, 0, 0, 14, 4, 2, 1, 1, 0, 9, 223, 254, 57, 30, 18, 1174,
 15:11:59.938,e36fca7b-ac85-42ee-9e80-64b80ac1a132, 2000-00-00 00:00:34.665, 39.21, 0.7822, 0.6201, 0.0376, 0.3755, 0.3496, 0.1689, 2.07, 1.76, 0.81, 2, 2, 1, 122.8, 122.8, 23.7, 1.471, 3.097, 0.782, 0.013, 0.791, 0.150, 1.164, 0.520, 0.024, 1.494, 1.548, 0.001, 1.568, 3.293, 0.620, 0.010, 0.628, 0.162, 0.985, 0.614, 0.046, 1.276, 1.646, 0.001, 3.875, 3.382, 0.037, 0.002, 0.048, 1.234, 0.186, 4.835, -0.012, 3.083, 1.691, 0.020, 0.000, 0.000, 0.000, 3, 1, 8, 5, 4, 3, 19, 12, 62, 147, 316, 371, 382, 1254, 7880, 3, 1, 9, 0, 3, 2, 15, 9, 43, 157, 257, 287, 320, 848, 5746, 0, 0, 14, 4, 2, 1, 1, 0, 9, 223, 254, 57, 30, 18, 1174,
 15:12:00.182,e36fca7b-ac85-42ee-9e80-64b80ac1a132, 2000-00-00 00:00:34.905, 39.22, 0.7822, 0.6201, 0.0376, 0.3633, 0.3379, 0.1675, 1.92, 1.66, 0.80, 2, 2, 1, 122.8, 122.8, 23.7, 1.408, 3.311, 0.782, 0.010, 0.789, 0.130, 1.111, 0.452, 0.039, 1.291, 1.655, 0.001, 1.534, 3.436, 0.620, 0.007, 0.626, 0.143, 0.960, 0.563, 0.073, 1.131, 1.718, 0.001, 3.622, 3.400, 0.037, 0.001, 0.045, 1.232, 0.163, 4.704, 0.102, 2.880, 1.700, 0.019, 0.000, 0.000, 0.000, 3, 1, 8, 5, 4, 3, 19, 12, 62, 147, 316, 371, 382, 1254, 7880, 3, 1, 9, 0, 3, 2, 15, 9, 43, 157, 257, 287, 320, 848, 5746, 0, 0, 14, 4, 2, 1, 1, 0, 9, 223, 254, 57, 30, 18, 1174,
 15:12:00.427,e36fca7b-ac85-42ee-9e80-64b80ac1a132, 2000-00-00 00:00:35.150, 39.22, 0.7822, 0.6201, 0.0371, 0.3418, 0.3081, 0.1655, 1.83, 1.60, 0.77, 2, 2, 0, 150.6, 150.6, 23.7, 1.370, 2.954, 0.782, 0.009, 0.788, 0.125, 1.080, 0.429, -0.007, 1.251, 1.477, 0.001, 1.439, 3.089, 0.620, 0.007, 0.626, 0.140, 0.901, 0.488, 0.114, 1.109, 1.544, 0.001, 3.931, 3.332, 0.037, 0.001, 0.043, 1.215, 0.170, 4.898, 0.032, 2.741, 1.666, 0.018, 0.000, 0.000, 0.000, 0, 1, 11, 7, 5, 1, 11, 5, 68, 228, 381, 411, 344, 590, 6015, 1, 1, 5, 5, 4, 1, 9, 3, 42, 107, 155, 406, 233, 443, 4384, 0, 0, 14, 4, 2, 1, 1, 0, 9, 223, 254, 57, 30, 18, 1174,
 15:12:00.671,e36fca7b-ac85-42ee-9e80-64b80ac1a132, 2000-00-00 00:00:35.395, 39.24, 0.7822, 0.6201, 0.0371, 0.3389, 0.3071, 0.1655, 1.57, 1.38, 0.64, 1, 1, 0, 150.6, 150.6, 23.7, 1.471, 3.171, 0.782, 0.011, 0.789, 0.138, 1.162, 0.492, 0.000, 1.120, 1.585, 0.001, 1.466, 3.236, 0.620, 0.009, 0.627, 0.153, 0.920, 0.577, 0.069, 0.982, 1.618, 0.001, 4.436, 3.466, 0.037, 0.001, 0.044, 1.215, 0.195, 5.458, 0.046, 2.789, 1.733, 0.018, 0.000, 0.000, 0.000, 0, 1, 11, 7, 5, 1, 11, 5, 68, 228, 381, 411, 344, 590, 6015, 1, 1, 5, 5, 4, 1, 9, 3, 42, 107, 155, 406, 233, 443, 4384, 1, 0, 14, 4, 2, 0, 0, 0, 9, 230, 264, 56, 35, 25, 1073,
 15:12:00.913,e36fca7b-ac85-42ee-9e80-64b80ac1a132, 2000-00-00 00:00:35.640, 39.26, 0.7822, 0.6201, 0.0371, 0.3604, 0.3384, 0.1685, 1.57, 1.39, 0.63, 1, 1, 0, 150.6, 150.6, 23.7, 1.429, 3.091, 0.782, 0.011, 0.789, 0.135, 1.128, 0.459, -0.013, 1.094, 1.545, 0.001, 1.490, 3.302, 0.620, 0.008, 0.627, 0.149, 0.935, 0.585, 0.119, 0.959, 1.651, 0.001, 3.896, 3.475, 0.037, 0.001, 0.043, 1.211, 0.169, 4.985, 0.151, 2.752, 1.737, 0.018, 0.000, 0.000, 0.000, 0, 1, 11, 7, 5, 1, 11, 5, 68, 228, 381, 411, 344, 590, 6015, 1, 1, 5, 5, 4, 1, 9, 3, 42, 107, 155, 406, 233, 443, 4384, 1, 0, 14, 4, 2, 0, 0, 0, 9, 230, 264, 56, 35, 25, 1073,
 15:12:01.156,e36fca7b-ac85-42ee-9e80-64b80ac1a132, 2000-00-00 00:00:35.885, 39.24, 0.7822, 0.6201, 0.0371, 0.3540, 0.3359, 0.1665, 1.59, 1.39, 0.62, 1, 1, 0, 150.6, 150.6, 23.7, 1.452, 2.912, 0.782, 0.011, 0.790, 0.138, 1.148, 0.475, -0.071, 1.126, 1.456, 0.001, 1.475, 3.304, 0.620, 0.009, 0.627, 0.154, 0.925, 0.650, 0.161, 0.992, 1.652, 0.001, 3.898, 3.321, 0.037, 0.001, 0.043, 1.211, 0.170, 4.776, 0.164, 2.760, 1.660, 0.018, 0.000, 0.000, 0.000, 0, 1, 11, 7, 5, 1, 11, 5, 68, 228, 381, 411, 344, 590, 6015, 1, 1, 5, 5, 4, 1, 9, 3, 42, 107, 155, 406, 233, 443, 4384, 1, 0, 14, 4, 2, 0, 0, 0, 9, 230, 264, 56, 35, 25, 1073,
 15:12:01.399,e36fca7b-ac85-42ee-9e80-64b80ac1a132, 2000-00-00 00:00:36.125, 39.30, 0.7822, 0.6201, 0.0371, 0.3613, 0.3428, 0.1616, 1.59, 1.39, 0.61, 1, 1, 0, 150.6, 150.6, 23.7, 1.486, 2.972, 0.782, 0.012, 0.790, 0.143, 1.175, 0.516, -0.037, 1.159, 1.486, 0.001, 1.482, 3.247, 0.620, 0.009, 0.627, 0.155, 0.930, 0.629, 0.082, 1.000, 1.623, 0.001, 4.146, 3.465, 0.037, 0.001, 0.042, 1.228, 0.177, 5.150, 0.088, 2.725, 1.732, 0.018, 0.000, 0.000, 0.000, 0, 1, 11, 7, 5, 1, 11, 5, 68, 228, 381, 411, 344, 590, 6015, 1, 1, 5, 5, 4, 1, 9, 3, 42, 107, 155, 406, 233, 443, 4384, 1, 0, 14, 4, 2, 0, 0, 0, 9, 230, 264, 56, 35, 25, 1073,
 15:12:01.642,e36fca7b-ac85-42ee-9e80-64b80ac1a132, 2000-00-00 00:00:36.365, 39.28, 0.7822, 0.6201, 0.0371, 0.3872, 0.3398, 0.1592, 1.80, 1.57, 0.71, 2, 1, 0, 122.8, 122.8, 23.7, 1.497, 3.253, 0.782, 0.010, 0.789, 0.132, 1.182, 0.515, -0.025, 1.318, 1.626, 0.001, 1.481, 3.483, 0.620, 0.008, 0.627, 0.147, 0.929, 0.596, 0.157, 1.158, 1.741, 0.001, 3.890, 3.355, 0.037, 0.001, 0.043, 1.216, 0.169, 4.830, 0.099, 2.778, 1.677, 0.018, 0.000, 0.000, 0.000, 1, 1, 11, 5, 3, 0, 17, 9, 34, 215, 277, 346, 273, 866, 6156, 0, 1, 10, 3, 3, 0, 14, 4, 31, 176, 213, 279, 215, 666, 4559, 0, 0, 14, 4, 2, 0, 0, 2, 6, 218, 246, 54, 26, 28, 898,
 15:12:01.885,e36fca7b-ac85-42ee-9e80-64b80ac1a132, 2000-00-00 00:00:36.610, 39.27, 0.7822, 0.6201, 0.0366, 0.3779, 0.3325, 0.1636, 1.85, 1.63, 0.74, 2, 2, 0, 122.8, 122.8, 23.7, 1.467, 3.085, 0.782, 0.011, 0.789, 0.135, 1.159, 0.512, -0.026, 1.344, 1.542, 0.001, 1.497, 3.278, 0.620, 0.008, 0.627, 0.150, 0.939, 0.566, 0.041, 1.186, 1.639, 0.001, 4.319, 3.493, 0.037, 0.001, 0.043, 1.228, 0.189, 5.518, 0.120, 2.802, 1.746, 0.018, 0.000, 0.000, 0.000, 1, 1, 11, 5, 3, 0, 17, 9, 34, 215, 277, 346, 273, 866, 6156, 0, 1, 10, 3, 3, 0, 14, 4, 31, 176, 213, 279, 215, 666, 4559, 0, 0, 14, 4, 2, 0, 0, 2, 6, 218, 246, 54, 26, 28, 898,
 15:12:02.130,e36fca7b-ac85-42ee-9e80-64b80ac1a132, 2000-00-00 00:00:36.850, 39.26, 0.7822, 0.6201, 0.0366, 0.3691, 0.3369, 0.1646, 1.95, 1.70, 0.76, 2, 2, 0, 122.8, 122.8, 23.7, 1.458, 3.227, 0.782, 0.011, 0.789, 0.139, 1.151, 0.483, -0.091, 1.381, 1.613, 0.001, 1.479, 3.513, 0.620, 0.008, 0.627, 0.152, 0.928, 0.617, 0.130, 1.201, 1.756, 0.001, 4.043, 3.508, 0.037, 0.001, 0.044, 1.220, 0.181, 4.988, 0.168, 2.852, 1.754, 0.019, 0.000, 0.000, 0.000, 1, 1, 11, 5, 3, 0, 17, 9, 34, 215, 277, 346, 273, 866, 6156, 0, 1, 10, 3, 3, 0, 14, 4, 31, 176, 213, 279, 215, 666, 4559, 0, 0, 14, 4, 2, 0, 0, 2, 6, 218, 246, 54, 26, 28, 898,
 15:12:02.376,e36fca7b-ac85-42ee-9e80-64b80ac1a132, 2000-00-00 00:00:37.095, 39.25, 0.7822, 0.6201, 0.0366, 0.3711, 0.3433, 0.1724, 2.01, 1.73, 0.78, 2, 2, 1, 122.8, 122.8, 23.7, 1.451, 2.990, 0.782, 0.012, 0.790, 0.142, 1.147, 0.479, 0.012, 1.415, 1.495, 0.001, 1.514, 3.208, 0.620, 0.009, 0.627, 0.153, 0.950, 0.582, 0.023, 1.212, 1.604, 0.001, 4.114, 3.478, 0.037, 0.001, 0.045, 1.215, 0.187, 5.358, 0.212, 2.887, 1.739, 0.019, 0.000, 0.000, 0.000, 1, 1, 11, 5, 3, 0, 17, 9, 34, 215, 277, 346, 273, 866, 6156, 0, 1, 10, 3, 3, 0, 14, 4, 31, 176, 213, 279, 215, 666, 4559, 0, 0, 14, 4, 2, 0, 0, 2, 6, 218, 246, 54, 26, 28, 898,
 15:12:02.618,e36fca7b-ac85-42ee-9e80-64b80ac1a132, 2000-00-00 00:00:37.340, 39.24, 0.7822, 0.6201, 0.0366, 0.3726, 0.3540, 0.1670, 1.74, 1.51, 0.64, 2, 1, 0, 149.6, 149.6, 23.7, 1.500, 3.054, 0.782, 0.012, 0.790, 0.143, 1.186, 0.517, -0.086, 1.168, 1.527, 0.001, 1.508, 3.330, 0.620, 0.009, 0.627, 0.155, 0.946, 0.631, 0.108, 1.007, 1.665, 0.001, 3.784, 3.407, 0.036, 0.001, 0.045, 1.218, 0.172, 4.890, 0.084, 2.881, 1.703, 0.019, 0.000, 0.000, 0.000, 2, 3, 4, 2, 4, 3, 14, 8, 66, 125, 224, 381, 297, 746, 6029, 1, 2, 11, 4, 4, 1, 11, 7, 30, 210, 313, 363, 269, 598, 4905, 0, 0, 16, 3, 2, 0, 0, 2, 9, 278, 302, 44, 36, 21, 969,
 15:12:02.863,e36fca7b-ac85-42ee-9e80-64b80ac1a132, 2000-00-00 00:00:37.585, 39.24, 0.7822, 0.6201, 0.0366, 0.3721, 0.3374, 0.1680, 1.58, 1.38, 0.64, 1, 1, 0, 149.6, 149.6, 23.7, 1.481, 3.252, 0.782, 0.011, 0.789, 0.134, 1.170, 0.498, -0.044, 1.095, 1.626, 0.001, 1.480, 3.283, 0.620, 0.008, 0.627, 0.148, 0.928, 0.559, 0.066, 0.958, 1.641, 0.001, 3.932, 3.327, 0.036, 0.001, 0.044, 1.211, 0.174, 4.743, 0.066, 2.804, 1.663, 0.018, 0.000, 0.000, 0.000, 2, 3, 4, 2, 4, 3, 14, 8, 66, 125, 224, 381, 297, 746, 6029, 1, 2, 11, 4, 4, 1, 11, 7, 30, 210, 313, 363, 269, 598, 4905, 0, 0, 16, 3, 2, 0, 0, 2, 9, 278, 302, 44, 36, 21, 969,
 15:12:03.105,e36fca7b-ac85-42ee-9e80-64b80ac1a132, 2000-00-00 00:00:37.830, 39.23, 0.7822, 0.6201, 0.0366, 0.3716, 0.3257, 0.1650, 1.56, 1.35, 0.64, 1, 1, 0, 149.6, 149.6, 23.7, 1.446, 3.128, 0.782, 0.011, 0.790, 0.136, 1.143, 0.480, 0.008, 1.113, 1.564, 0.001, 1.479, 3.289, 0.620, 0.008, 0.626, 0.148, 0.927, 0.522, 0.095, 0.960, 1.644, 0.001, 3.729, 3.316, 0.036, 0.001, 0.045, 1.215, 0.170, 4.841, 0.118, 2.899, 1.658, 0.019, 0.000, 0.000, 0.000, 2, 3, 4, 2, 4, 3, 14, 8, 66, 125, 224, 381, 297, 746, 6029, 1, 2, 11, 4, 4, 1, 11, 7, 30, 210, 313, 363, 269, 598, 4905, 0, 0, 16, 3, 2, 0, 0, 2, 9, 278, 302, 44, 36, 21, 969,
 15:12:03.347,e36fca7b-ac85-42ee-9e80-64b80ac1a132, 2000-00-00 00:00:38.070, 39.24, 0.7822, 0.6201, 0.0366, 0.3613, 0.3203, 0.1680, 1.59, 1.36, 0.65, 1, 1, 0, 149.6, 149.6, 23.7, 1.440, 3.052, 0.782, 0.011, 0.789, 0.134, 1.137, 0.456, 0.066, 1.095, 1.526, 0.001, 1.499, 3.238, 0.620, 0.007, 0.626, 0.141, 0.939, 0.538, 0.000, 0.917, 1.619, 0.000, 4.295, 3.660, 0.036, 0.002, 0.046, 1.229, 0.197, 5.336, 0.072, 2.936, 1.830, 0.019, 0.000, 0.000, 0.000, 2, 3, 4, 2, 4, 3, 14, 8, 66, 125, 224, 381, 297, 746, 6029, 1, 2, 11, 4, 4, 1, 11, 7, 30, 210, 313, 363, 269, 598, 4905, 0, 0, 16, 3, 2, 0, 0, 2, 9, 278, 302, 44, 36, 21, 969,
 15:12:03.589,e36fca7b-ac85-42ee-9e80-64b80ac1a132, 2000-00-00 00:00:38.310, 39.24, 0.7822, 0.6201, 0.0366, 0.3696, 0.3335, 0.1733, 1.63, 1.39, 0.65, 1, 1, 0, 149.6, 149.6, 23.7, 1.468, 3.122, 0.782, 0.013, 0.791, 0.146, 1.161, 0.488, 0.029, 1.197, 1.561, 0.001, 1.504, 3.170, 0.620, 0.009, 0.627, 0.157, 0.944, 0.563, -0.005, 1.017, 1.585, 0.001, 4.157, 3.531, 0.036, 0.001, 0.045, 1.231, 0.189, 5.316, 0.026, 2.895, 1.765, 0.019, 0.000, 0.000, 0.000, 1, 1, 13, 3, 5, 3, 2, 10, 37, 261, 369, 374, 305, 476, 6173, 1, 1, 13, 1, 1, 2, 5, 9, 30, 245, 327, 284, 297, 504, 4716, 0, 0, 18, 4, 1, 1, 1, 2, 7, 344, 377, 40, 30, 42, 1098,
 15:12:03.833,e36fca7b-ac85-42ee-9e80-64b80ac1a132, 2000-00-00 00:00:38.555, 39.23, 0.7822, 0.6201, 0.0366, 0.3633, 0.3311, 0.1675, 1.60, 1.37, 0.66, 1, 1, 0, 149.6, 149.6, 23.7, 1.457, 3.080, 0.782, 0.012, 0.790, 0.142, 1.152, 0.491, 0.060, 1.165, 1.540, 0.001, 1.557, 3.213, 0.620, 0.009, 0.627, 0.153, 0.977, 0.588, 0.034, 0.995, 1.606, 0.001, 4.064, 3.604, 0.036, 0.002, 0.047, 1.239, 0.193, 4.925, -0.116, 3.035, 1.802, 0.020, 0.000, 0.000, 0.000, 1, 1, 13, 3, 5, 3, 2, 10, 37, 261, 369, 374, 305, 476, 6173, 1, 1, 13, 1, 1, 2, 5, 9, 30, 245, 327, 284, 297, 504, 4716, 0, 0, 18, 4, 1, 1, 1, 2, 7, 344, 377, 40, 30, 42, 1098,
 15:12:04.078,e36fca7b-ac85-42ee-9e80-64b80ac1a132, 2000-00-00 00:00:38.795, 39.25, 0.7822, 0.6201, 0.0366, 0.3540, 0.3325, 0.1768, 1.59, 1.36, 0.66, 1, 1, 0, 149.6, 149.6, 23.7, 1.420, 3.062, 0.782, 0.010, 0.788, 0.129, 1.120, 0.443, 0.046, 1.057, 1.531, 0.001, 1.478, 3.474, 0.620, 0.007, 0.626, 0.143, 0.926, 0.615, 0.113, 0.928, 1.737, 0.000, 4.090, 3.630, 0.036, 0.002, 0.046, 1.222, 0.189, 5.173, 0.098, 2.946, 1.815, 0.019, 0.000, 0.000, 0.000, 1, 1, 13, 3, 5, 3, 2, 10, 37, 261, 369, 374, 305, 476, 6173, 1, 1, 13, 1, 1, 2, 5, 9, 30, 245, 327, 284, 297, 504, 4716, 0, 0, 18, 4, 1, 1, 1, 2, 7, 344, 377, 40, 30, 42, 1098,
 15:12:04.320,e36fca7b-ac85-42ee-9e80-64b80ac1a132, 2000-00-00 00:00:39.040, 39.24, 0.7822, 0.6201, 0.0366, 0.3633, 0.3394, 0.1797, 1.62, 1.39, 0.67, 1, 1, 0, 149.6, 149.6, 23.7, 1.444, 3.275, 0.782, 0.012, 0.790, 0.140, 1.141, 0.505, 0.097, 1.143, 1.637, 0.001, 1.501, 3.452, 0.620, 0.009, 0.627, 0.152, 0.942, 0.619, 0.090, 0.988, 1.726, 0.001, 4.184, 3.636, 0.036, 0.002, 0.048, 1.234, 0.201, 5.269, 0.005, 3.059, 1.818, 0.020, 0.000, 0.000, 0.000, 1, 1, 13, 3, 5, 3, 2, 10, 37, 261, 369, 374, 305, 476, 6173, 1, 1, 13, 1, 1, 2, 5, 9, 30, 245, 327, 284, 297, 504, 4716, 0, 0, 18, 4, 1, 1, 1, 2, 7, 344, 377, 40, 30, 42, 1098,
 15:12:04.563,e36fca7b-ac85-42ee-9e80-64b80ac1a132, 2000-00-00 00:00:39.280, 39.23, 0.7822, 0.6201, 0.0366, 0.3867, 0.3403, 0.1782, 1.70, 1.45, 0.66, 1, 1, 0, 150.6, 150.6, 23.7, 1.468, 3.033, 0.782, 0.014, 0.792, 0.155, 1.163, 0.540, 0.045, 1.258, 1.516, 0.001, 1.490, 3.126, 0.620, 0.010, 0.628, 0.165, 0.936, 0.551, 0.090, 1.061, 1.563, 0.001, 4.036, 3.505, 0.036, 0.002, 0.047, 1.231, 0.191, 4.986, 0.001, 3.031, 1.752, 0.020, 0.000, 0.000, 0.000, 1, 1, 11, 3, 4, 1, 15, 4, 34, 239, 383, 293, 294, 895, 6733, 2, 0, 6, 0, 3, 2, 13, 3, 24, 127, 238, 250, 228, 768, 4713, 0, 0, 17, 3, 1, 0, 0, 0, 4, 297, 320, 39, 25, 24, 1126,
 15:12:04.806,e36fca7b-ac85-42ee-9e80-64b80ac1a132, 2000-00-00 00:00:39.525, 39.24, 0.7822, 0.6201, 0.0366, 0.3799, 0.3657, 0.1714, 1.71, 1.48, 0.67, 1, 1, 0, 150.6, 150.6, 23.7, 1.472, 3.136, 0.782, 0.013, 0.791, 0.149, 1.165, 0.506, 0.024, 1.214, 1.568, 0.001, 1.549, 3.371, 0.620, 0.010, 0.628, 0.163, 0.973, 0.633, 0.004, 1.050, 1.685, 0.001, 4.070, 3.261, 0.036, 0.002, 0.047, 1.211, 0.192, 4.803, 0.033, 3.028, 1.630, 0.020, 0.000, 0.000, 0.000, 1, 1, 11, 3, 4, 1, 15, 4, 34, 239, 383, 293, 294, 895, 6733, 2, 0, 6, 0, 3, 2, 13, 3, 24, 127, 238, 250, 228, 768, 4713, 0, 0, 17, 3, 1, 0, 0, 0, 4, 297, 320, 39, 25, 24, 1126,
 15:12:05.049,e36fca7b-ac85-42ee-9e80-64b80ac1a132, 2000-00-00 00:00:39.770, 39.23, 0.7822, 0.6201, 0.0366, 0.3906, 0.3604, 0.1846, 1.74, 1.48, 0.69, 1, 1, 0, 150.6, 150.6, 23.7, 1.442, 3.082, 0.782, 0.014, 0.791, 0.151, 1.142, 0.543, 0.074, 1.224, 1.541, 0.001, 1.534, 3.330, 0.620, 0.010, 0.628, 0.162, 0.964, 0.630, 0.065, 1.041, 1.665, 0.001, 4.430, 3.719, 0.036, 0.002, 0.049, 1.249, 0.220, 5.403, -0.091, 3.180, 1.859, 0.021, 0.000, 0.000, 0.000, 1, 1, 11, 3, 4, 1, 15, 4, 34, 239, 383, 293, 294, 895, 6733, 2, 0, 6, 0, 3, 2, 13, 3, 24, 127, 238, 250, 228, 768, 4713, 0, 0, 17, 3, 1, 0, 0, 0, 4, 297, 320, 39, 25, 24, 1126,
 15:12:05.294,e36fca7b-ac85-42ee-9e80-64b80ac1a132, 2000-00-00 00:00:40.010, 39.29, 0.7822, 0.6201, 0.0366, 0.3726, 0.3423, 0.1831, 1.68, 1.46, 0.69, 1, 1, 0, 150.6, 150.6, 23.7, 1.419, 3.039, 0.782, 0.012, 0.790, 0.142, 1.122, 0.504, 0.063, 1.154, 1.519, 0.001, 1.502, 3.247, 0.620, 0.009, 0.627, 0.158, 0.943, 0.564, 0.096, 1.015, 1.623, 0.001, 4.318, 3.511, 0.037, 0.002, 0.048, 1.240, 0.210, 5.408, -0.027, 3.128, 1.755, 0.020, 0.000, 0.000, 0.000, 1, 1, 11, 3, 4, 1, 15, 4, 34, 239, 383, 293, 294, 895, 6733, 2, 0, 6, 0, 3, 2, 13, 3, 24, 127, 238, 250, 228, 768, 4713, 0, 0, 17, 3, 1, 0, 0, 0, 4, 297, 320, 39, 25, 24, 1126,
 15:12:05.537,e36fca7b-ac85-42ee-9e80-64b80ac1a132, 2000-00-00 00:00:40.255, 39.28, 0.7822, 0.6201, 0.0366, 0.4067, 0.3589, 0.1885, 1.69, 1.47, 0.68, 1, 1, 0, 150.6, 150.6, 23.7, 1.476, 3.408, 0.782, 0.014, 0.791, 0.153, 1.169, 0.591, 0.103, 1.241, 1.704, 0.001, 1.549, 3.220, 0.620, 0.010, 0.628, 0.167, 0.974, 0.593, 0.009, 1.072, 1.610, 0.001, 4.272, 3.788, 0.037, 0.002, 0.047, 1.238, 0.204, 5.387, 0.032, 3.044, 1.894, 0.020, 0.000, 0.000, 0.000, 1, 2, 8, 3, 9, 3, 10, 13, 74, 215, 337, 459, 580, 961, 7446, 1, 2, 2, 3, 6, 1, 10, 7, 71, 126, 228, 366, 422, 753, 5516, 0, 0, 15, 3, 2, 1, 0, 0, 6, 262, 282, 41, 23, 33, 1104,
 15:12:05.781,e36fca7b-ac85-42ee-9e80-64b80ac1a132, 2000-00-00 00:00:40.495, 39.26, 0.7822, 0.6201, 0.0366, 0.3916, 0.3433, 0.1782, 1.70, 1.47, 0.65, 1, 1, 0, 150.6, 150.6, 23.7, 1.475, 3.278, 0.782, 0.013, 0.790, 0.148, 1.166, 0.528, 0.026, 1.201, 1.639, 0.001, 1.516, 3.176, 0.620, 0.009, 0.627, 0.160, 0.952, 0.562, 0.040, 1.030, 1.588, 0.001, 4.241, 3.377, 0.036, 0.001, 0.045, 1.223, 0.194, 5.246, -0.029, 2.904, 1.688, 0.019, 0.000, 0.000, 0.000, 1, 2, 8, 3, 9, 3, 10, 13, 74, 215, 337, 459, 580, 961, 7446, 1, 2, 2, 3, 6, 1, 10, 7, 71, 126, 228, 366, 422, 753, 5516, 0, 0, 15, 3, 2, 1, 0, 0, 6, 262, 282, 41, 23, 33, 1104,
 15:12:06.024,e36fca7b-ac85-42ee-9e80-64b80ac1a132, 2000-00-00 00:00:40.740, 39.25, 0.7822, 0.6201, 0.0366, 0.3936, 0.3374, 0.1709, 1.68, 1.45, 0.65, 1, 1, 0, 150.6, 150.6, 23.7, 1.455, 3.186, 0.782, 0.012, 0.790, 0.140, 1.150, 0.552, 0.013, 1.136, 1.593, 0.001, 1.503, 3.357, 0.620, 0.009, 0.627, 0.154, 0.944, 0.606, 0.126, 0.994, 1.678, 0.001, 4.059, 3.545, 0.036, 0.001, 0.045, 1.230, 0.184, 4.946, 0.006, 2.887, 1.772, 0.019, 0.000, 0.000, 0.000, 1, 2, 8, 3, 9, 3, 10, 13, 74, 215, 337, 459, 580, 961, 7446, 1, 2, 2, 3, 6, 1, 10, 7, 71, 126, 228, 366, 422, 753, 5516, 0, 0, 15, 3, 2, 1, 0, 0, 6, 262, 282, 41, 23, 33, 1104,
 15:12:06.266,e36fca7b-ac85-42ee-9e80-64b80ac1a132, 2000-00-00 00:00:40.980, 39.24, 0.7822, 0.6201, 0.0366, 0.3984, 0.3594, 0.1787, 1.68, 1.46, 0.66, 1, 1, 0, 150.6, 150.6, 23.7, 1.452, 3.144, 0.782, 0.012, 0.791, 0.145, 1.148, 0.526, 0.075, 1.176, 1.572, 0.001, 1.579, 3.411, 0.620, 0.009, 0.628, 0.160, 0.992, 0.618, -0.054, 1.030, 1.705, 0.001, 4.307, 3.794, 0.036, 0.002, 0.047, 1.239, 0.206, 5.502, 0.080, 3.053, 1.897, 0.020, 0.000, 0.000, 0.000, 1, 2, 8, 3, 9, 3, 10, 13, 74, 215, 337, 459, 580, 961, 7446, 1, 2, 2, 3, 6, 1, 10, 7, 71, 126, 228, 366, 422, 753, 5516, 0, 0, 15, 3, 2, 1, 0, 0, 6, 262, 282, 41, 23, 33, 1104,
 15:12:06.508,e36fca7b-ac85-42ee-9e80-64b80ac1a132, 2000-00-00 00:00:41.225, 39.22, 0.7822, 0.6201, 0.0366, 0.3911, 0.3564, 0.1807, 1.72, 1.50, 0.67, 1, 1, 0, 148.6, 149.6, 23.7, 1.460, 2.884, 0.782, 0.014, 0.792, 0.155, 1.157, 0.511, 0.017, 1.262, 1.442, 0.001, 1.595, 3.215, 0.620, 0.011, 0.629, 0.171, 1.003, 0.622, 0.025, 1.101, 1.607, 0.001, 4.016, 3.715, 0.036, 0.002, 0.047, 1.239, 0.192, 5.263, 0.119, 3.065, 1.857, 0.020, 0.000, 0.000, 0.000, 2, 1, 13, 6, 6, 0, 7, 3, 51, 261, 487, 351, 489, 711, 7295, 1, 1, 5, 3, 2, 1, 6, 0, 22, 96, 195, 226, 385, 608, 5161, 0, 0, 15, 3, 2, 1, 0, 0, 6, 262, 282, 41, 23, 33, 1104,
 15:12:06.752,e36fca7b-ac85-42ee-9e80-64b80ac1a132, 2000-00-00 00:00:41.465, 39.23, 0.7822, 0.6201, 0.0366, 0.3848, 0.3452, 0.1763, 1.68, 1.45, 0.67, 1, 1, 0, 148.6, 149.6, 23.7, 1.489, 3.191, 0.782, 0.013, 0.790, 0.145, 1.177, 0.514, 0.000, 1.194, 1.595, 0.001, 1.499, 3.208, 0.620, 0.009, 0.628, 0.157, 0.942, 0.565, -0.016, 1.017, 1.604, 0.001, 4.053, 3.526, 0.036, 0.002, 0.046, 1.235, 0.187, 5.263, 0.115, 2.963, 1.763, 0.019, 0.000, 0.000, 0.000, 2, 1, 13, 6, 6, 0, 7, 3, 51, 261, 487, 351, 489, 711, 7295, 1, 1, 5, 3, 2, 1, 6, 0, 22, 96, 195, 226, 385, 608, 5161, 0, 0, 15, 2, 2, 0, 0, 2, 12, 258, 282, 42, 33, 22, 1088,
 15:12:06.994,e36fca7b-ac85-42ee-9e80-64b80ac1a132, 2000-00-00 00:00:41.710, 39.23, 0.7822, 0.6201, 0.0366, 0.3916, 0.3447, 0.1699, 1.75, 1.49, 0.67, 1, 1, 0, 148.6, 149.6, 23.7, 1.540, 3.176, 0.782, 0.014, 0.791, 0.155, 1.219, 0.569, 0.000, 1.274, 1.588, 0.001, 1.509, 3.310, 0.620, 0.010, 0.628, 0.165, 0.948, 0.684, 0.102, 1.071, 1.655, 0.001, 3.810, 3.458, 0.036, 0.002, 0.047, 1.250, 0.181, 4.796, -0.085, 3.039, 1.729, 0.020, 0.000, 0.000, 0.000, 2, 1, 13, 6, 6, 0, 7, 3, 51, 261, 487, 351, 489, 711, 7295, 1, 1, 5, 3, 2, 1, 6, 0, 22, 96, 195, 226, 385, 608, 5161, 0, 0, 15, 2, 2, 0, 0, 2, 12, 258, 282, 42, 33, 22, 1088,
 15:12:07.240,e36fca7b-ac85-42ee-9e80-64b80ac1a132, 2000-00-00 00:00:41.950, 39.23, 0.7822, 0.6201, 0.0366, 0.3818, 0.3477, 0.1689, 1.71, 1.47, 0.67, 1, 1, 0, 148.6, 149.6, 23.7, 1.480, 3.197, 0.782, 0.013, 0.791, 0.150, 1.171, 0.508, -0.017, 1.232, 1.598, 0.001, 1.521, 3.474, 0.620, 0.010, 0.628, 0.163, 0.955, 0.670, 0.152, 1.055, 1.737, 0.001, 4.155, 3.344, 0.036, 0.002, 0.047, 1.211, 0.198, 4.983, 0.041, 3.032, 1.672, 0.020, 0.000, 0.000, 0.000, 2, 1, 13, 6, 6, 0, 7, 3, 51, 261, 487, 351, 489, 711, 7295, 1, 1, 5, 3, 2, 1, 6, 0, 22, 96, 195, 226, 385, 608, 5161, 0, 0, 15, 2, 2, 0, 0, 2, 12, 258, 282, 42, 33, 22, 1088,
 15:12:07.484,e36fca7b-ac85-42ee-9e80-64b80ac1a132, 2000-00-00 00:00:42.195, 39.22, 0.7822, 0.6201, 0.0366, 0.3628, 0.3403, 0.1782, 1.70, 1.46, 0.69, 1, 1, 0, 148.6, 149.6, 23.7, 1.401, 2.943, 0.782, 0.012, 0.790, 0.143, 1.108, 0.450, 0.010, 1.178, 1.471, 0.001, 1.518, 3.279, 0.620, 0.009, 0.627, 0.155, 0.952, 0.589, 0.045, 1.007, 1.639, 0.001, 4.179, 3.714, 0.037, 0.002, 0.048, 1.233, 0.203, 5.540, -0.019, 3.105, 1.857, 0.020, 0.000, 0.000, 0.000, 2, 1, 13, 6, 6, 0, 7, 3, 51, 261, 487, 351, 489, 711, 7295, 1, 1, 5, 3, 2, 1, 6, 0, 22, 96, 195, 226, 385, 608, 5161, 0, 0, 15, 2, 2, 0, 0, 2, 12, 258, 282, 42, 33, 22, 1088,
 15:12:07.729,e36fca7b-ac85-42ee-9e80-64b80ac1a132, 2000-00-00 00:00:42.440, 39.22, 0.7822, 0.6201, 0.0366, 0.3745, 0.3745, 0.1792, 1.68, 1.45, 0.68, 1, 1, 0, 150.6, 150.6, 23.7, 1.584, 3.256, 0.782, 0.014, 0.792, 0.153, 1.254, 0.606, -0.021, 1.242, 1.628, 0.001, 1.634, 3.493, 0.620, 0.010, 0.628, 0.167, 1.028, 0.712, 0.027, 1.078, 1.746, 0.001, 4.119, 3.658, 0.037, 0.002, 0.048, 1.236, 0.199, 5.559, 0.099, 3.069, 1.829, 0.020, 0.000, 0.000, 0.000, 1, 3, 8, 2, 2, 1, 7, 10, 75, 170, 305, 474, 391, 698, 6875, 2, 3, 8, 3, 0, 2, 7, 7, 64, 165, 289, 448, 260, 548, 5008, 0, 0, 15, 3, 2, 1, 1, 1, 9, 244, 267, 43, 44, 37, 1108,
 15:12:07.971,e36fca7b-ac85-42ee-9e80-64b80ac1a132, 2000-00-00 00:00:42.685, 39.22, 0.7822, 0.6201, 0.0366, 0.4521, 0.4141, 0.1865, 1.72, 1.49, 0.67, 1, 1, 0, 150.6, 150.6, 23.7, 1.537, 3.221, 0.782, 0.013, 0.791, 0.146, 1.216, 0.558, -0.038, 1.189, 1.610, 0.001, 1.605, 3.485, 0.620, 0.009, 0.628, 0.159, 1.008, 0.648, 0.025, 1.027, 1.742, 0.001, 4.134, 3.517, 0.037, 0.002, 0.046, 1.221, 0.194, 5.367, 0.190, 2.983, 1.758, 0.019, 0.000, 0.000, 0.000, 1, 3, 8, 2, 2, 1, 7, 10, 75, 170, 305, 474, 391, 698, 6875, 2, 3, 8, 3, 0, 2, 7, 7, 64, 165, 289, 448, 260, 548, 5008, 0, 0, 15, 3, 2, 1, 1, 1, 9, 244, 267, 43, 44, 37, 1108,
 15:12:08.216,e36fca7b-ac85-42ee-9e80-64b80ac1a132, 2000-00-00 00:00:42.925, 39.24, 0.7822, 0.6201, 0.0366, 0.4180, 0.3848, 0.1772, 1.70, 1.47, 0.68, 1, 1, 0, 150.6, 150.6, 23.7, 1.495, 3.044, 0.782, 0.013, 0.791, 0.150, 1.183, 0.520, -0.015, 1.218, 1.522, 0.001, 1.586, 3.229, 0.620, 0.010, 0.628, 0.163, 0.997, 0.617, 0.023, 1.052, 1.614, 0.001, 3.825, 3.341, 0.037, 0.002, 0.048, 1.223, 0.186, 4.947, 0.192, 3.105, 1.670, 0.020, 0.000, 0.000, 0.000, 1, 3, 8, 2, 2, 1, 7, 10, 75, 170, 305, 474, 391, 698, 6875, 2, 3, 8, 3, 0, 2, 7, 7, 64, 165, 289, 448, 260, 548, 5008, 0, 0, 15, 3, 2, 1, 1, 1, 9, 244, 267, 43, 44, 37, 1108,
 15:12:08.461,e36fca7b-ac85-42ee-9e80-64b80ac1a132, 2000-00-00 00:00:43.170, 39.24, 0.7822, 0.6201, 0.0371, 0.4351, 0.3750, 0.1675, 1.76, 1.51, 0.70, 1, 1, 0, 150.6, 150.6, 23.7, 1.507, 3.249, 0.782, 0.015, 0.791, 0.156, 1.193, 0.600, 0.008, 1.268, 1.624, 0.001, 1.588, 3.180, 0.620, 0.010, 0.629, 0.168, 0.999, 0.616, 0.000, 1.083, 1.590, 0.001, 3.486, 3.270, 0.037, 0.002, 0.050, 1.235, 0.174, 4.366, 0.074, 3.213, 1.635, 0.021, 0.000, 0.000, 0.000, 1, 3, 8, 2, 2, 1, 7, 10, 75, 170, 305, 474, 391, 698, 6875, 2, 3, 8, 3, 0, 2, 7, 7, 64, 165, 289, 448, 260, 548, 5008, 0, 0, 15, 3, 2, 1, 1, 1, 9, 244, 267, 43, 44, 37, 1108,
 15:12:08.703,e36fca7b-ac85-42ee-9e80-64b80ac1a132, 2000-00-00 00:00:43.415, 39.23, 0.7822, 0.6201, 0.0371, 0.3906, 0.3569, 0.1724, 1.73, 1.49, 0.70, 1, 1, 0, 150.6, 150.6, 23.7, 1.443, 2.734, 0.782, 0.014, 0.791, 0.152, 1.142, 0.488, 0.037, 1.236, 1.367, 0.001, 1.503, 2.962, 0.620, 0.010, 0.628, 0.166, 0.945, 0.602, 0.045, 1.066, 1.481, 0.001, 3.841, 3.247, 0.037, 0.002, 0.049, 1.220, 0.189, 4.846, 0.129, 3.157, 1.623, 0.021, 0.000, 0.000, 0.000, 1, 1, 3, 4, 4, 3, 5, 6, 62, 110, 248, 390, 394, 851, 7252, 2, 0, 8, 5, 5, 1, 3, 6, 50, 152, 243, 331, 323, 659, 5481, 0, 0, 15, 5, 2, 0, 0, 0, 7, 262, 297, 50, 34, 22, 1220,
 15:12:08.948,e36fca7b-ac85-42ee-9e80-64b80ac1a132, 2000-00-00 00:00:43.655, 39.23, 0.7822, 0.6201, 0.0371, 0.3809, 0.3613, 0.1704, 1.74, 1.51, 0.69, 1, 1, 0, 150.6, 150.6, 23.7, 1.472, 3.070, 0.782, 0.016, 0.792, 0.161, 1.167, 0.597, 0.038, 1.305, 1.535, 0.001, 1.644, 3.260, 0.620, 0.011, 0.629, 0.174, 1.035, 0.710, -0.039, 1.121, 1.630, 0.001, 3.804, 3.679, 0.037, 0.002, 0.048, 1.239, 0.182, 4.753, 0.049, 3.064, 1.839, 0.020, 0.000, 0.000, 0.000, 1, 1, 3, 4, 4, 3, 5, 6, 62, 110, 248, 390, 394, 851, 7252, 2, 0, 8, 5, 5, 1, 3, 6, 50, 152, 243, 331, 323, 659, 5481, 0, 0, 15, 5, 2, 0, 0, 0, 7, 262, 297, 50, 34, 22, 1220,
 15:12:09.191,e36fca7b-ac85-42ee-9e80-64b80ac1a132, 2000-00-00 00:00:43.900, 39.25, 0.7822, 0.6201, 0.0371, 0.3838, 0.3638, 0.1807, 1.68, 1.46, 0.68, 1, 1, 0, 150.6, 150.6, 23.7, 1.433, 3.187, 0.782, 0.011, 0.790, 0.137, 1.132, 0.465, 0.073, 1.114, 1.593, 0.001, 1.520, 3.521, 0.620, 0.009, 0.627, 0.154, 0.954, 0.623, 0.037, 0.989, 1.760, 0.001, 4.257, 3.864, 0.037, 0.002, 0.047, 1.233, 0.201, 5.294, -0.030, 3.004, 1.932, 0.020, 0.000, 0.000, 0.000, 1, 1, 3, 4, 4, 3, 5, 6, 62, 110, 248, 390, 394, 851, 7252, 2, 0, 8, 5, 5, 1, 3, 6, 50, 152, 243, 331, 323, 659, 5481, 0, 0, 15, 5, 2, 0, 0, 0, 7, 262, 297, 50, 34, 22, 1220,
 15:12:09.436,e36fca7b-ac85-42ee-9e80-64b80ac1a132, 2000-00-00 00:00:44.140, 39.25, 0.7822, 0.6201, 0.0371, 0.4048, 0.3633, 0.1768, 1.71, 1.48, 0.68, 1, 1, 0, 150.6, 150.6, 23.7, 1.592, 3.902, 0.782, 0.013, 0.791, 0.148, 1.260, 0.625, -0.019, 1.202, 1.951, 0.001, 1.579, 3.783, 0.620, 0.009, 0.628, 0.160, 0.992, 0.720, 0.016, 1.032, 1.891, 0.001, 3.868, 3.425, 0.037, 0.002, 0.048, 1.216, 0.188, 5.028, 0.207, 3.100, 1.712, 0.020, 0.000, 0.000, 0.000, 1, 1, 3, 4, 4, 3, 5, 6, 62, 110, 248, 390, 394, 851, 7252, 2, 0, 8, 5, 5, 1, 3, 6, 50, 152, 243, 331, 323, 659, 5481, 0, 0, 15, 5, 2, 0, 0, 0, 7, 262, 297, 50, 34, 22, 1220,
 15:12:09.680,e36fca7b-ac85-42ee-9e80-64b80ac1a132, 2000-00-00 00:00:44.385, 39.25, 0.7822, 0.6201, 0.0371, 0.4321, 0.3828, 0.1636, 1.73, 1.49, 0.68, 1, 1, 0, 148.6, 148.6, 23.7, 1.561, 3.370, 0.782, 0.015, 0.792, 0.160, 1.237, 0.598, 0.053, 1.315, 1.685, 0.001, 1.562, 3.405, 0.620, 0.011, 0.629, 0.171, 0.984, 0.699, 0.044, 1.117, 1.702, 0.001, 3.760, 3.225, 0.037, 0.002, 0.048, 1.224, 0.181, 4.580, 0.042, 3.066, 1.612, 0.020, 0.000, 0.000, 0.000, 0, 1, 1, 3, 2, 2, 7, 9, 81, 147, 332, 441, 297, 685, 7075, 0, 1, 11, 4, 3, 0, 6, 8, 69, 288, 397, 354, 207, 601, 5517, 1, 0, 16, 4, 2, 0, 0, 0, 8, 283, 309, 52, 36, 25, 1109,
 15:12:09.923,e36fca7b-ac85-42ee-9e80-64b80ac1a132, 2000-00-00 00:00:44.630, 39.25, 0.7822, 0.6201, 0.0371, 0.3916, 0.3530, 0.1665, 1.71, 1.49, 0.68, 1, 1, 0, 148.6, 148.6, 23.7, 1.434, 2.974, 0.782, 0.013, 0.791, 0.145, 1.134, 0.478, 0.043, 1.197, 1.487, 0.001, 1.480, 3.077, 0.620, 0.010, 0.628, 0.161, 0.930, 0.546, 0.089, 1.049, 1.538, 0.001, 4.092, 3.375, 0.037, 0.002, 0.045, 1.220, 0.187, 5.224, 0.099, 2.936, 1.687, 0.019, 0.000, 0.000, 0.000, 0, 1, 1, 3, 2, 2, 7, 9, 81, 147, 332, 441, 297, 685, 7075, 0, 1, 11, 4, 3, 0, 6, 8, 69, 288, 397, 354, 207, 601, 5517, 1, 0, 16, 4, 2, 0, 0, 0, 8, 283, 309, 52, 36, 25, 1109,
 15:12:10.166,e36fca7b-ac85-42ee-9e80-64b80ac1a132, 2000-00-00 00:00:44.875, 39.24, 0.7822, 0.6201, 0.0371, 0.4014, 0.3530, 0.1670, 1.70, 1.48, 0.66, 1, 1, 0, 148.6, 148.6, 23.7, 1.601, 3.472, 0.782, 0.015, 0.792, 0.156, 1.269, 0.634, 0.015, 1.286, 1.736, 0.001, 1.555, 3.422, 0.620, 0.011, 0.629, 0.171, 0.978, 0.676, 0.053, 1.115, 1.711, 0.001, 4.126, 3.483, 0.037, 0.002, 0.047, 1.234, 0.194, 4.987, -0.105, 3.016, 1.741, 0.020, 0.000, 0.000, 0.000, 0, 1, 1, 3, 2, 2, 7, 9, 81, 147, 332, 441, 297, 685, 7075, 0, 1, 11, 4, 3, 0, 6, 8, 69, 288, 397, 354, 207, 601, 5517, 1, 0, 16, 4, 2, 0, 0, 0, 8, 283, 309, 52, 36, 25, 1109,
 15:12:10.410,e36fca7b-ac85-42ee-9e80-64b80ac1a132, 2000-00-00 00:00:45.115, 39.25, 0.7822, 0.6201, 0.0371, 0.4043, 0.3589, 0.1753, 1.72, 1.50, 0.67, 1, 1, 0, 148.6, 148.6, 23.7, 1.441, 3.160, 0.782, 0.012, 0.790, 0.141, 1.139, 0.530, 0.097, 1.160, 1.580, 0.001, 1.490, 3.225, 0.620, 0.009, 0.627, 0.155, 0.934, 0.578, 0.008, 1.012, 1.612, 0.001, 4.048, 3.714, 0.037, 0.002, 0.047, 1.244, 0.193, 4.969, -0.163, 3.062, 1.857, 0.020, 0.000, 0.000, 0.000, 0, 1, 1, 3, 2, 2, 7, 9, 81, 147, 332, 441, 297, 685, 7075, 0, 1, 11, 4, 3, 0, 6, 8, 69, 288, 397, 354, 207, 601, 5517, 1, 0, 16, 4, 2, 0, 0, 0, 8, 283, 309, 52, 36, 25, 1109,
 15:12:10.653,e36fca7b-ac85-42ee-9e80-64b80ac1a132, 2000-00-00 00:00:45.360, 39.23, 0.7822, 0.6201, 0.0371, 0.4092, 0.3608, 0.1748, 1.78, 1.51, 0.68, 1, 1, 0, 150.6, 150.6, 23.7, 1.530, 3.003, 0.782, 0.015, 0.791, 0.157, 1.211, 0.558, 0.009, 1.272, 1.501, 0.001, 1.524, 3.201, 0.620, 0.010, 0.628, 0.165, 0.958, 0.705, 0.094, 1.063, 1.600, 0.001, 4.255, 3.736, 0.037, 0.002, 0.048, 1.235, 0.208, 5.510, 0.118, 3.112, 1.868, 0.020, 0.000, 0.000, 0.000, 1, 1, 7, 4, 1, 1, 7, 14, 65, 160, 366, 409, 268, 911, 7621, 1, 2, 5, 3, 1, 1, 5, 10, 57, 146, 334, 369, 214, 700, 5797, 0, 0, 16, 4, 0, 1, 1, 1, 8, 299, 325, 41, 21, 26, 1121,
 15:12:10.899,e36fca7b-ac85-42ee-9e80-64b80ac1a132, 2000-00-00 00:00:45.600, 39.24, 0.7822, 0.6201, 0.0371, 0.3872, 0.3511, 0.1743, 1.69, 1.45, 0.66, 1, 1, 0, 150.6, 150.6, 23.7, 1.425, 2.963, 0.782, 0.011, 0.789, 0.137, 1.125, 0.448, 0.056, 1.116, 1.481, 0.001, 1.495, 3.030, 0.620, 0.008, 0.626, 0.149, 0.937, 0.557, 0.127, 0.959, 1.515, 0.001, 3.889, 3.227, 0.037, 0.002, 0.046, 1.210, 0.181, 4.735, 0.052, 2.952, 1.613, 0.019, 0.000, 0.000, 0.000, 1, 1, 7, 4, 1, 1, 7, 14, 65, 160, 366, 409, 268, 911, 7621, 1, 2, 5, 3, 1, 1, 5, 10, 57, 146, 334, 369, 214, 700, 5797, 0, 0, 16, 4, 0, 1, 1, 1, 8, 299, 325, 41, 21, 26, 1121,
 15:12:11.142,e36fca7b-ac85-42ee-9e80-64b80ac1a132, 2000-00-00 00:00:45.845, 39.24, 0.7822, 0.6201, 0.0371, 0.3555, 0.3218, 0.1641, 1.58, 1.36, 0.64, 1, 1, 0, 150.6, 150.6, 23.7, 1.459, 3.091, 0.782, 0.011, 0.790, 0.135, 1.153, 0.485, 0.081, 1.096, 1.545, 0.001, 1.469, 3.295, 0.620, 0.008, 0.627, 0.149, 0.921, 0.536, 0.140, 0.961, 1.647, 0.001, 3.982, 3.494, 0.037, 0.001, 0.044, 1.225, 0.177, 4.954, -0.007, 2.823, 1.747, 0.018, 0.000, 0.000, 0.000, 1, 1, 7, 4, 1, 1, 7, 14, 65, 160, 366, 409, 268, 911, 7621, 1, 2, 5, 3, 1, 1, 5, 10, 57, 146, 334, 369, 214, 700, 5797, 0, 0, 16, 4, 0, 1, 1, 1, 8, 299, 325, 41, 21, 26, 1121,
 15:12:11.386,e36fca7b-ac85-42ee-9e80-64b80ac1a132, 2000-00-00 00:00:46.090, 39.25, 0.7822, 0.6201, 0.0371, 0.3677, 0.3184, 0.1670, 1.57, 1.34, 0.64, 1, 1, 0, 150.6, 150.6, 23.7, 1.474, 3.049, 0.782, 0.011, 0.790, 0.139, 1.165, 0.498, 0.050, 1.132, 1.524, 0.001, 1.483, 3.207, 0.620, 0.008, 0.627, 0.151, 0.930, 0.517, 0.027, 0.973, 1.603, 0.001, 4.025, 3.607, 0.037, 0.002, 0.046, 1.240, 0.188, 4.885, -0.090, 2.986, 1.803, 0.019, 0.000, 0.000, 0.000, 1, 1, 7, 4, 1, 1, 7, 14, 65, 160, 366, 409, 268, 911, 7621, 1, 2, 5, 3, 1, 1, 5, 10, 57, 146, 334, 369, 214, 700, 5797, 0, 0, 16, 4, 0, 1, 1, 1, 8, 299, 325, 41, 21, 26, 1121,
 15:12:11.631,e36fca7b-ac85-42ee-9e80-64b80ac1a132, 2000-00-00 00:00:46.335, 39.25, 0.7822, 0.6201, 0.0371, 0.3608, 0.3145, 0.1724, 1.60, 1.38, 0.65, 1, 1, 0, 149.6, 149.6, 23.7, 1.465, 2.917, 0.782, 0.012, 0.790, 0.140, 1.158, 0.491, 0.003, 1.140, 1.458, 0.001, 1.459, 3.087, 0.620, 0.008, 0.627, 0.152, 0.915, 0.545, 0.074, 0.980, 1.543, 0.001, 4.106, 3.400, 0.037, 0.002, 0.046, 1.216, 0.190, 5.298, 0.179, 2.957, 1.700, 0.019, 0.000, 0.000, 0.000, 1, 0, 8, 2, 2, 1, 9, 6, 40, 162, 214, 288, 150, 651, 5977, 0, 1, 9, 5, 2, 2, 7, 2, 20, 188, 229, 270, 155, 543, 4493, 0, 0, 17, 4, 1, 0, 2, 2, 3, 320, 348, 41, 14, 39, 1048,
 15:12:11.876,e36fca7b-ac85-42ee-9e80-64b80ac1a132, 2000-00-00 00:00:46.580, 39.25, 0.7822, 0.6201, 0.0371, 0.3682, 0.3198, 0.1714, 1.60, 1.38, 0.67, 1, 1, 0, 149.6, 149.6, 23.7, 1.471, 3.055, 0.782, 0.012, 0.790, 0.142, 1.162, 0.491, -0.013, 1.163, 1.527, 0.001, 1.440, 3.216, 0.620, 0.009, 0.627, 0.153, 0.904, 0.575, 0.127, 0.990, 1.608, 0.001, 3.880, 3.152, 0.037, 0.002, 0.047, 1.210, 0.183, 4.997, 0.192, 3.027, 1.576, 0.020, 0.000, 0.000, 0.000, 1, 0, 8, 2, 2, 1, 9, 6, 40, 162, 214, 288, 150, 651, 5977, 0, 1, 9, 5, 2, 2, 7, 2, 20, 188, 229, 270, 155, 543, 4493, 0, 0, 17, 4, 1, 0, 2, 2, 3, 320, 348, 41, 14, 39, 1048,
 15:12:12.119,e36fca7b-ac85-42ee-9e80-64b80ac1a132, 2000-00-00 00:00:46.820, 39.25, 0.7822, 0.6201, 0.0371, 0.3452, 0.3203, 0.1699, 1.60, 1.37, 0.67, 1, 1, 0, 149.6, 149.6, 23.7, 1.418, 3.077, 0.782, 0.011, 0.789, 0.137, 1.120, 0.438, -0.008, 1.122, 1.538, 0.001, 1.449, 3.277, 0.620, 0.008, 0.626, 0.149, 0.908, 0.555, 0.148, 0.965, 1.638, 0.001, 4.025, 3.288, 0.037, 0.002, 0.047, 1.222, 0.189, 5.153, 0.136, 3.003, 1.644, 0.020, 0.000, 0.000, 0.000, 1, 0, 8, 2, 2, 1, 9, 6, 40, 162, 214, 288, 150, 651, 5977, 0, 1, 9, 5, 2, 2, 7, 2, 20, 188, 229, 270, 155, 543, 4493, 0, 0, 17, 4, 1, 0, 2, 2, 3, 320, 348, 41, 14, 39, 1048,
 15:12:12.363,e36fca7b-ac85-42ee-9e80-64b80ac1a132, 2000-00-00 00:00:47.065, 39.29, 0.7822, 0.6201, 0.0371, 0.3584, 0.3301, 0.1680, 1.60, 1.38, 0.66, 1, 1, 0, 149.6, 149.6, 23.7, 1.415, 3.009, 0.782, 0.011, 0.789, 0.136, 1.117, 0.500, 0.049, 1.109, 1.504, 0.001, 1.484, 3.171, 0.620, 0.008, 0.626, 0.149, 0.930, 0.565, 0.053, 0.964, 1.585, 0.001, 3.826, 3.323, 0.037, 0.002, 0.046, 1.222, 0.178, 4.718, 0.111, 2.966, 1.661, 0.019, 0.000, 0.000, 0.000, 1, 0, 8, 2, 2, 1, 9, 6, 40, 162, 214, 288, 150, 651, 5977, 0, 1, 9, 5, 2, 2, 7, 2, 20, 188, 229, 270, 155, 543, 4493, 0, 0, 17, 4, 1, 0, 2, 2, 3, 320, 348, 41, 14, 39, 1048,
